"Word","Count"
"Ab","1"
"Abandoned","8"
"Abbr","8"
"Abbrev","21"
"Abbreviate","2"
"Abbreviated","38"
"Abbreviator","3"
"Abcd","5"
"Aberration","1"
"Aboriginal","4"
"Abort","86"
"Aborted","141"
"Aborting","55"
"Abortive","3"
"Above","6"
"Abr","8"
"Abs","82"
"Absent","11"
"Absolute","143"
"Absorb","1"
"Abst","2"
"Abstract","70"
"Acc","14"
"Accelerated","10"
"Accept","238"
"Acceptable","6"
"Accepted","16"
"Accepting","2"
"Access","787"
"Accessed","10"
"Accessibility","8"
"Accessible","5"
"Accessor","127"
"Accessors","62"
"Account","38"
"Accounts","4"
"Acct","2"
"Accumulate","13"
"Accumulated","3"
"Accumulator","15"
"Accumulators","2"
"Ace","89"
"Aces","8"
"Ach","1"
"Ack","12"
"Acknowledged","6"
"Acl","89"
"Acos","14"
"Acosh","7"
"Acquire","77"
"Acquired","12"
"Acquires","1"
"Acquiring","1"
"Across","50"
"Acting","1"
"Action","730"
"Actions","6"
"Activ","2"
"Activate","5"
"Activated","4"
"Activating","2"
"Activation","22"
"Activator","10"
"Active","161"
"Activities","5"
"Activity","263"
"Actor","8"
"Actual","82"
"Adapt","2"
"Adapter","124"
"Adapters","2"
"Add","2567"
"Added","36"
"Addend","235"
"Adder","5"
"Adders","1"
"Addess","1"
"Adding","39"
"Addition","51"
"Additional","58"
"Additive","6"
"Addr","96"
"Addref","1"
"Address","1706"
"Addresses","111"
"Addressing","8"
"Addrlen","2"
"Adj","2"
"Adjacent","10"
"Adjust","44"
"Adjustable","1"
"Adjusted","15"
"Adjustment","84"
"Adjustments","1"
"Admin","8"
"Administrator","2"
"Administrators","1"
"Admins","5"
"Adv","5"
"Advance","95"
"Advanced","6"
"Advapi","7"
"Advertisement","1"
"Advertisements","16"
"Advf","2"
"Advise","11"
"Aead","2"
"Aefa","2"
"Aes","44"
"Af","4"
"Affected","16"
"Affiliation","1"
"Affinity","16"
"After","229"
"Again","4"
"Against","1"
"Age","47"
"Agent","21"
"Agg","50"
"Aggregatable","1"
"Aggregate","192"
"Aggregated","5"
"Aggregates","1"
"Aggregation","84"
"Aggregator","44"
"Aggressive","12"
"Agile","1"
"Agree","1"
"Agreement","19"
"Ahead","19"
"Ai","19"
"Aia","2"
"Aiueo","2"
"Ajdust","1"
"Al","6"
"Alarm","5"
"Alc","6"
"Alert","30"
"Alertable","2"
"Alg","112"
"Alghashname","2"
"Algid","8"
"Algname","2"
"Algorithm","668"
"Algorithms","4"
"Algs","2"
"Alias","55"
"Aliased","4"
"Aliases","7"
"Alice","3"
"Align","60"
"Align=","60"
"Aligned","152"
"Aligning","1"
"Alignment","80"
"Alive","126"
"All","629"
"Alloc","58"
"Allocate","71"
"Allocated","66"
"Allocation","44"
"Allocations","1"
"Allocator","13"
"Allow","475"
"Allowed","204"
"Allows","8"
"Almond","3"
"Alone","23"
"Alonetable","1"
"Alpha","10"
"Alphabetic","3"
"Alphanumeric","2"
"Alphanumerics","2"
"Alpn","26"
"Already","190"
"Also","13"
"Alt","34"
"Altered","3"
"Alternate","23"
"Alternation","24"
"Alternative","11"
"Alternatives","1"
"Always","19"
"Am","5"
"Ambient","13"
"Ambig","18"
"Ambiguity","4"
"Ambiguous","87"
"Ambiguousbuffers","2"
"Amd","2"
"Amount","104"
"Amp","2"
"Ampersand","4"
"Ampm","1"
"Amps","2"
"An","6"
"Analysis","8"
"Analytic","2"
"Analyze","34"
"Analyzed","1"
"Analyzer","13"
"Anc","8"
"Ancestor","50"
"Ancestors","18"
"Anchor","71"
"Anchors","5"
"And","1217"
"Android","2"
"Angle","8"
"Animation","1"
"Animator","1"
"Ann","4"
"Annonymous","1"
"Annotate","50"
"Annotated","8"
"Annotation","65"
"Annotations","14"
"Anomaly","2"
"Anon","28"
"Anonmeth","2"
"Anonymous","59"
"Anonymously","2"
"Another","4"
"Ansi","38"
"Antecedent","40"
"Antique","3"
"Any","844"
"Anycast","7"
"Anything","3"
"Apartment","15"
"Apc","11"
"Aph","2"
"Api","18"
"Apis","2"
"Apm","5"
"Apos","1"
"App","166"
"Apparent","1"
"Appear","1"
"Appearance","5"
"Append","425"
"Appended","2"
"Appending","2"
"Appinfo","5"
"Apple","2"
"Applicable","10"
"Application","133"
"Applications","1"
"Applied","3"
"Apply","103"
"Apppend","3"
"Approach","4"
"Appropriate","8"
"Approx","2"
"Approximation","1"
"Aqua","3"
"Aquamarine","6"
"Ar","14"
"Arabic","17"
"Arbitrary","27"
"Arch","6"
"Architecture","22"
"Archivable","1"
"Archive","101"
"Archived","10"
"Archiving","4"
"Are","88"
"Area","5"
"Arg","2923"
"Argb","12"
"Argc","1"
"Arginfos","1"
"Arglist","7"
"Argp","4"
"Args","1194"
"Argtype","1"
"Argument","2284"
"Arguments","675"
"Argv","3"
"Arith","6"
"Arithmetic","197"
"Arithmetical","1"
"Arity","13"
"Arm","24"
"Armenian","2"
"Armv","1"
"Around","7"
"Arr","22"
"Arrange","3"
"Array","2734"
"Arraylist","1"
"Arrays","19"
"Arrinit","1"
"Arrow","5"
"Arrows","8"
"Ary","2"
"As","1347"
"Asc","5"
"Ascending","4"
"Ascii","248"
"Asian","4"
"Asin","15"
"Asinh","7"
"Asm","8"
"Asn","79"
"Asp","6"
"Aspect","6"
"Assem","48"
"Assemble","1"
"Assemblies","14"
"Assembly","1126"
"Assemblyname","4"
"Assert","60"
"Assertion","8"
"Assessed","2"
"Assg","12"
"Assign","115"
"Assignable","35"
"Assigned","20"
"Assigner","1"
"Assignment","49"
"Assignments","1"
"Assist","1"
"Assm","1"
"Associate","19"
"Associated","93"
"Associates","3"
"Association","16"
"Associations","1"
"Associative","4"
"Assume","9"
"Assumption","4"
"Ast","9"
"Asterisk","9"
"Astfield","1"
"Astral","1"
"Asttree","1"
"Asymmetric","21"
"Async","3111"
"Asynchronous","15"
"Asynchronously","24"
"Asyncoperations","2"
"At","278"
"Atan","25"
"Atanh","7"
"Atext","1"
"Atime","1"
"Atm","4"
"Ato","1"
"Atom","29"
"Atomic","129"
"Atomically","1"
"Atomize","8"
"Atomized","7"
"Atoms","14"
"Ats","36"
"Att","71"
"Attach","9"
"Attached","9"
"Attachment","13"
"Attachments","3"
"Attdef","14"
"Attdefs","2"
"Attempt","11"
"Attempted","3"
"Attempting","6"
"Attempts","9"
"Attention","1"
"Attlist","28"
"Attn","1"
"Attr","637"
"Attrib","16"
"Attribs","4"
"Attribute","3553"
"Attributes","1424"
"Attribution","2"
"Attrs","46"
"Attrubute","1"
"Audio","1"
"Audit","114"
"Augmentation","3"
"Aut","7"
"Auth","153"
"Authconnectionfailure","2"
"Authdata","17"
"Authenticate","118"
"Authenticated","73"
"Authenticating","2"
"Authentication","204"
"Authenticode","3"
"Authored","2"
"Authoritative","1"
"Authorities","5"
"Authority","91"
"Authorization","17"
"Authvalidationfailure","2"
"Auto","195"
"Autocap","1"
"Autoconfig","2"
"Autogenerated","1"
"Automatic","37"
"Automation","4"
"Aux","3"
"Avail","28"
"Availability","14"
"Available","201"
"Average","116"
"Avg","5"
"Avif","1"
"Avoid","3"
"Avt","61"
"Avx","20"
"Await","43"
"Awaitable","25"
"Awaiter","98"
"Awaiting","2"
"Aware","24"
"Away","23"
"Axe","1"
"Axes","2"
"Axis","83"
"Azure","3"
"Back","116"
"Backend","2"
"Background","33"
"Backing","11"
"Backjump","1"
"Backlog","8"
"Backout","2"
"Backreference","8"
"Backreferences","1"
"Backs","1"
"Backslash","8"
"Backslashes","2"
"Backspace","1"
"Backtrack","3"
"Backtracking","13"
"Backtracks","1"
"Backup","11"
"Backward","9"
"Backwardnext","1"
"Backwards","16"
"Bad","399"
"Baddate","2"
"Badmethod","2"
"Bag","18"
"Baggage","18"
"Bake","3"
"Baked","9"
"Balance","17"
"Balanced","5"
"Balancing","4"
"Balinese","2"
"Ballot","13"
"Bamum","2"
"Ban","1"
"Band","11"
"Bang","4"
"Banner","11"
"Banyan","2"
"Bar","8"
"Bare","4"
"Barrier","56"
"Barriers","2"
"Base","1618"
"Baseaddress","6"
"Based","21"
"Bases","2"
"Basic","70"
"Basis","2"
"Batak","2"
"Batch","117"
"Batched","12"
"Batches","12"
"Batching","2"
"Bc","1"
"Bcc","7"
"Bcl","4"
"Bcp","1"
"Bcrypt","2"
"Bdd","8"
"Be","578"
"Beat","4"
"Because","2"
"Been","13"
"Beep","9"
"Before","152"
"Beg","1"
"Begin","559"
"Beginning","23"
"Begins","5"
"Begun","1"
"Behavior","65"
"Behaviour","7"
"Behind","1"
"Beige","3"
"Being","27"
"Belong","3"
"Belongs","4"
"Below","6"
"Bengali","2"
"Beq","9"
"Ber","6"
"Best","68"
"Better","13"
"Between","11"
"Beyond","17"
"Bfinal","1"
"Bge","16"
"Bgt","13"
"Bi","4"
"Bias","12"
"Biased","12"
"Bidi","11"
"Bidirectional","7"
"Big","196"
"Bigendian","2"
"Bigger","6"
"Biggest","1"
"Bigint","1"
"Bilisecond","1"
"Billboard","4"
"Bin","114"
"Binary","658"
"Bind","354"
"Bindable","24"
"Binder","558"
"Binding","552"
"Bindings","28"
"Binop","25"
"Bios","6"
"Birth","1"
"Bisque","3"
"Bistate","2"
"Bit","332"
"Bitfield","7"
"Bitmap","36"
"Bitmaps","3"
"Bitmask","10"
"Bits","309"
"Bitwise","113"
"Black","11"
"Blanched","3"
"Blank","1"
"Blanks","1"
"Bldr","8"
"Ble","15"
"Blend","44"
"Blittable","2"
"Blk","1"
"Blob","353"
"Bloblen","1"
"Blobs","8"
"Block","903"
"Blocked","14"
"Blocking","118"
"Blocklist","4"
"Blocks","25"
"Blockwise","1"
"Blt","16"
"Blue","67"
"Blush","3"
"Bmi","4"
"Bmp","13"
"Bn","5"
"Bnd","2"
"Bne","9"
"Bnf","1"
"Bodies","5"
"Body","341"
"Bofs","5"
"Bogus","21"
"Bol","5"
"Bom","5"
"Book","1"
"Bookmark","3"
"Bool","68"
"Boolean","259"
"Booleans","2"
"Boost","19"
"Boot","2"
"Bootstrap","5"
"Bopomofo","4"
"Border","6"
"Bos","1"
"Both","28"
"Bottom","19"
"Bound","230"
"Boundaries","7"
"Boundary","57"
"Bounded","34"
"Bounding","11"
"Bounds","74"
"Bowm","1"
"Bowmt","1"
"Box","94"
"Boxable","2"
"Boxed","64"
"Boxes","5"
"Boxing","5"
"Br","16"
"Brace","17"
"Braces","2"
"Brack","1"
"Bracket","14"
"Bracketing","3"
"Brackets","4"
"Braille","2"
"Brainpool","28"
"Branch","96"
"Branchcount","1"
"Branches","17"
"Branching","6"
"Branchmark","1"
"Brctxt","6"
"Breadth","2"
"Break","63"
"Breaker","1"
"Breaks","4"
"Brfalse","9"
"Brightness","1"
"Bring","2"
"Broadcast","102"
"Broadcasting","1"
"Broadcasts","1"
"Broken","9"
"Brotli","54"
"Brown","12"
"Browsable","32"
"Browser","18"
"Brtrue","9"
"Bruijn","4"
"Brush","6"
"Brushes","2"
"Bsd","2"
"Bstr","45"
"Bucket","62"
"Buckets","50"
"Buddhist","6"
"Budget","8"
"Buf","66"
"Buff","1"
"Buffer","3243"
"Buffercounttoosmall","2"
"Buffered","59"
"Buffering","22"
"Bufferoffset","2"
"Buffers","137"
"Buffersize","6"
"Bug","6"
"Buginese","2"
"Buhid","2"
"Build","279"
"Builder","968"
"Builders","6"
"Buildin","1"
"Building","2"
"Built","72"
"Builtin","28"
"Bulk","17"
"Bump","1"
"Bumpalong","2"
"Burly","3"
"Burning","1"
"Burst","1"
"Bus","1"
"Busy","11"
"But","9"
"Butnot","3"
"Button","15"
"Buttons","1"
"Bw","5"
"By","961"
"Bypass","38"
"Bypassed","7"
"Byref","36"
"Byrefs","1"
"Byt","1"
"Byte","1479"
"Bytecount","2"
"Bytes","2468"
"Ca","43"
"Cache","506"
"Cacheable","3"
"Cached","193"
"Caches","12"
"Caching","23"
"Cadet","3"
"Cal","35"
"Calc","9"
"Calculate","43"
"Calculated","4"
"Calculations","1"
"Calculator","2"
"Calendar","271"
"Calendars","22"
"Calendrical","1"
"Calg","8"
"Calibrate","2"
"Call","687"
"Callable","26"
"Callables","3"
"Callback","976"
"Callbacks","31"
"Callconv","1"
"Called","59"
"Callee","10"
"Caller","64"
"Callers","13"
"Calli","9"
"Calling","190"
"Callinprogress","2"
"Calloc","1"
"Calls","14"
"Callstack","3"
"Callvirt","3"
"Calm","1"
"Camel","9"
"Camera","28"
"Can","1051"
"Canadian","4"
"Cancel","146"
"Cancelable","8"
"Canceled","97"
"Canceler","2"
"Cancellable","1"
"Cancellation","2032"
"Cancelled","23"
"Cand","2"
"Candidate","47"
"Candidates","34"
"Cannot","404"
"Canon","1"
"Canonical","65"
"Canonicalization","9"
"Canonicalize","19"
"Canonize","1"
"Canonname","2"
"Cant","99"
"Cap","16"
"Capabilities","12"
"Capability","10"
"Capable","4"
"Capacity","496"
"Capcoll","1"
"Capcount","6"
"Capi","6"
"Capname","2"
"Capnamelist","1"
"Capnames","5"
"Capnum","3"
"Capnumlist","1"
"Caps","21"
"Capsize","8"
"Capslist","2"
"Caption","22"
"Captop","1"
"Capture","123"
"Captured","33"
"Capturemark","1"
"Capturepos","1"
"Captures","5"
"Capturing","2"
"Card","15"
"Cardin","2"
"Cardinality","11"
"Carg","2"
"Carriage","3"
"Carrier","18"
"Carry","2"
"Carryless","2"
"Cascade","15"
"Cascading","2"
"Case","464"
"Caseless","1"
"Cases","19"
"Casing","73"
"Cast","165"
"Castable","17"
"Castclass","4"
"Casting","6"
"Cat","10"
"Catalog","22"
"Catalyst","2"
"Catch","93"
"Catchable","4"
"Catches","1"
"Catchorfilter","1"
"Categories","15"
"Category","229"
"Causality","6"
"Cause","1"
"Cb","340"
"Cbc","30"
"Cbit","3"
"Cbos","2"
"Cbrt","7"
"Cbt","16"
"Cc","8"
"Ccbf","1"
"Ccbt","1"
"Ccevent","9"
"Cch","60"
"Cci","4"
"Ccitt","2"
"Ccm","6"
"Cd","2"
"Cdata","4"
"Cdecl","7"
"Cds","1"
"Ceiling","45"
"Celestial","1"
"Cells","2"
"Celt","16"
"Center","38"
"Centers","2"
"Central","25"
"Centuries","7"
"Century","1"
"Ceq","5"
"Cer","20"
"Ceritifcate","2"
"Cert","452"
"Certificate","448"
"Certificates","69"
"Certification","4"
"Certs","18"
"Cessation","1"
"Cf","1"
"Cfb","28"
"Cfws","2"
"Cgt","7"
"Ch","185"
"Cha","14"
"Chain","195"
"Chained","3"
"Chaining","3"
"Challenge","27"
"Challenged","2"
"Challenges","2"
"Cham","2"
"Chameleon","11"
"Chance","10"
"Change","445"
"Changed","501"
"Changes","56"
"Changing","125"
"Channel","143"
"Channels","12"
"Chaos","4"
"Chapter","22"
"Chapters","2"
"Char","1824"
"Character","144"
"Characteristic","5"
"Characteristics","26"
"Characters","84"
"Charged","1"
"Charindex","1"
"Chars","1155"
"Charset","6"
"Chartreuse","3"
"Chcategory","1"
"Cheap","39"
"Check","976"
"Checked","208"
"Checker","94"
"Checking","21"
"Checkout","3"
"Checkpoint","1"
"Checks","25"
"Checksum","35"
"Chekfor","1"
"Cherokee","4"
"Chiffon","3"
"Chiki","2"
"Child","582"
"Children","75"
"Chinese","9"
"Chk","15"
"Chn","1"
"Chocolate","3"
"Choice","177"
"Choices","10"
"Choose","26"
"Chosung","1"
"Chr","3"
"Chunk","197"
"Chunked","29"
"Chunking","7"
"Chunks","40"
"Ci","6"
"Cid","3"
"Cinfo","1"
"Cipher","124"
"Ciphersuites","2"
"Ciphertext","63"
"Circular","49"
"Cis","1"
"Ciul","12"
"Cjk","18"
"Ckfinite","3"
"Claim","46"
"Claims","52"
"Clamp","41"
"Clash","2"
"Class","483"
"Classes","24"
"Classic","3"
"Classification","3"
"Classifier","4"
"Classify","8"
"Clause","24"
"Clauses","5"
"Clean","25"
"Cleaned","2"
"Cleaning","2"
"Cleanup","87"
"Clear","374"
"Cleared","11"
"Clearing","6"
"Cli","4"
"Click","1"
"Client","402"
"Clients","1"
"Climber","1"
"Climbing","3"
"Clint","1"
"Clipboard","1"
"Clock","2"
"Clonable","1"
"Clone","400"
"Cloneable","7"
"Cloned","1"
"Cloner","1"
"Clones","2"
"Cloning","9"
"Closable","4"
"Close","460"
"Closed","174"
"Closesocket","3"
"Closest","3"
"Closing","21"
"Closure","50"
"Clr","200"
"Cls","27"
"Clsid","13"
"Clt","8"
"Cluster","7"
"Cmd","11"
"Cmp","50"
"Cmplx","1"
"Cms","8"
"Cnd","12"
"Cne","1"
"Cng","107"
"Cnt","26"
"Co","27"
"Coalesce","15"
"Coalescing","2"
"Cobol","1"
"Code","2071"
"Codebase","1"
"Codec","2"
"Coded","22"
"Codepage","22"
"Codepoint","4"
"Codepos","1"
"Codes","48"
"Coding","11"
"Coefficient","1"
"Coefficients","21"
"Coerce","2"
"Coercion","11"
"Cofactor","4"
"Coff","11"
"Col","43"
"Coll","24"
"Collaboration","2"
"Collapse","6"
"Collapsed","9"
"Collation","46"
"Collations","7"
"Collect","47"
"Collected","1"
"Collectible","40"
"Collection","1218"
"Collections","45"
"Collector","19"
"Collelem","2"
"Collision","15"
"Collisions","2"
"Colon","21"
"Color","120"
"Colors","12"
"Cols","1"
"Column","792"
"Columns","185"
"Com","271"
"Combination","4"
"Combinations","1"
"Combine","53"
"Combined","7"
"Combining","14"
"Combo","4"
"Comdat","1"
"Comformance","2"
"Comma","28"
"Command","398"
"Commands","22"
"Commas","14"
"Comment","236"
"Comments","28"
"Commit","131"
"Committable","12"
"Committed","66"
"Committing","21"
"Common","97"
"Communication","6"
"Commutative","2"
"Commute","2"
"Comp","41"
"Compact","6"
"Compacted","3"
"Compacting","3"
"Compaction","9"
"Company","9"
"Comparable","39"
"Comparand","25"
"Compare","1151"
"Comparer","1162"
"Comparers","23"
"Comparison","137"
"Comparisons","2"
"Compartment","1"
"Compartments","1"
"Compat","44"
"Compatibility","56"
"Compatible","72"
"Compex","1"
"Compilation","39"
"Compile","342"
"Compiled","77"
"Compiler","154"
"Compiling","2"
"Complement","29"
"Complete","283"
"Completed","591"
"Completely","3"
"Completing","23"
"Completion","384"
"Completions","2"
"Complex","191"
"Complexity","3"
"Compliance","1"
"Compliant","9"
"Component","411"
"Components","33"
"Compops","1"
"Compose","2"
"Composed","5"
"Composite","6"
"Compositing","2"
"Compositor","7"
"Compound","17"
"Compress","17"
"Compressed","68"
"Compression","72"
"Compressor","1"
"Compromise","3"
"Compute","102"
"Computed","27"
"Computer","11"
"Computers","1"
"Con","59"
"Concat","76"
"Concatenate","7"
"Concatenated","2"
"Concatenation","6"
"Concatenator","1"
"Concrete","1"
"Concurrency","44"
"Concurrent","83"
"Cond","21"
"Condemn","4"
"Condemned","2"
"Condition","168"
"Conditional","68"
"Conditions","7"
"Conection","1"
"Conext","1"
"Confidence","2"
"Confidentiality","1"
"Config","88"
"Configurable","7"
"Configuration","96"
"Configurations","1"
"Configure","36"
"Configured","59"
"Configuring","2"
"Confirmed","3"
"Conflict","37"
"Conflicting","21"
"Conflicts","15"
"Conformance","30"
"Congestion","1"
"Conjugate","2"
"Conjunctive","3"
"Conn","33"
"Connarg","2"
"Connect","191"
"Connected","41"
"Connecting","5"
"Connection","608"
"Connectionaborted","2"
"Connectionclosed","4"
"Connections","78"
"Connector","6"
"Cons","3"
"Consecutive","2"
"Consider","1"
"Consistency","7"
"Consistent","4"
"Console","130"
"Const","47"
"Constaint","1"
"Constant","233"
"Constants","31"
"Constr","14"
"Constrained","16"
"Constraint","374"
"Constraints","146"
"Construct","54"
"Constructed","64"
"Constructing","4"
"Construction","20"
"Constructor","364"
"Constructors","28"
"Consume","89"
"Consumed","366"
"Consumer","35"
"Consumers","2"
"Consuming","2"
"Consumption","7"
"Cont","5"
"Contain","18"
"Contained","22"
"Container","311"
"Containing","146"
"Contains","446"
"Content","1561"
"Contention","21"
"Contents","119"
"Context","2425"
"Contextful","5"
"Contexts","7"
"Contextual","8"
"Contiguous","8"
"Contingent","4"
"Continuation","364"
"Continuations","53"
"Continue","255"
"Contract","137"
"Contracted","1"
"Contracts","7"
"Contravariant","5"
"Contributing","1"
"Control","525"
"Controlled","6"
"Controller","15"
"Controllers","5"
"Controls","2"
"Conv","228"
"Convention","159"
"Conventions","12"
"Conversion","263"
"Conversions","16"
"Convert","1386"
"Converted","3"
"Converter","750"
"Converters","15"
"Convertible","13"
"Convertor","2"
"Convs","2"
"Cooked","17"
"Cookie","196"
"Cookies","48"
"Cooperative","5"
"Cooperatively","1"
"Coord","8"
"Coordinate","2"
"Coordinates","1"
"Coordination","1"
"Copied","6"
"Copiers","1"
"Coptic","4"
"Copy","896"
"Copyback","1"
"Copying","1"
"Copyright","14"
"Copyto","2"
"Cor","43"
"Coral","6"
"Core","1247"
"Corehost","4"
"Corner","1"
"Cornflower","3"
"Cornsilk","3"
"Correct","14"
"Correction","10"
"Correctly","2"
"Correlation","8"
"Corresponding","1"
"Corrupt","16"
"Corrupted","15"
"Cos","32"
"Cosh","8"
"Cost","5"
"Could","3"
"Couldnt","4"
"Count","5616"
"Countdown","13"
"Counted","9"
"Counter","204"
"Counters","11"
"Countersignature","3"
"Countfor","1"
"Counting","3"
"Country","27"
"Counts","58"
"Covariant","7"
"Coverage","6"
"Cp","302"
"Cpblk","3"
"Cpobj","3"
"Cpp","7"
"Cpu","8"
"Cpuidex","1"
"Cr","5"
"Crafted","2"
"Crawl","4"
"Crawlpos","2"
"Crc","61"
"Cream","3"
"Creat","2"
"Create","3048"
"Created","112"
"Creates","1"
"Creating","10"
"Creation","265"
"Creator","44"
"Cred","17"
"Credential","136"
"Credentials","231"
"Credformat","1"
"Credit","16"
"Creds","9"
"Crimson","3"
"Crit","5"
"Criteria","22"
"Critical","141"
"Crl","22"
"Crlf","1"
"Cross","24"
"Crypt","229"
"Crypto","95"
"Cryptographic","19"
"Cryptography","318"
"Cs","6"
"Csig","1"
"Csp","76"
"Css","1"
"Cstr","2"
"Csv","1"
"Csym","1"
"Csz","2"
"Ct","24"
"Ctext","1"
"Ctime","1"
"Ctl","7"
"Ctor","221"
"Ctors","1"
"Ctr","4"
"Ctrl","8"
"Cts","21"
"Ctx","27"
"Ctxt","9"
"Ctype","6"
"Cu","5"
"Cui","3"
"Cult","1"
"Culture","563"
"Cultures","25"
"Cumulative","5"
"Cuos","2"
"Cur","88"
"Curmgr","2"
"Curpos","4"
"Curr","22"
"Currency","97"
"Current","1778"
"Currently","6"
"Currenttransaction","2"
"Cursor","32"
"Curve","79"
"Curves","6"
"Cust","19"
"Custom","921"
"Customized","11"
"Cut","2"
"Cutoff","4"
"Cutter","1"
"Cv","3"
"Cvt","1"
"Cw","14"
"Cxt","19"
"Cy","10"
"Cyan","11"
"Cycle","22"
"Cycles","3"
"Cyclic","4"
"Cyclical","2"
"Cyclically","2"
"Cyrillic","10"
"Dacl","34"
"Dad","2"
"Dangerous","37"
"Dark","67"
"Dash","5"
"Dashes","4"
"Data","4671"
"Database","18"
"Dataflow","97"
"Datagram","18"
"Datagrams","24"
"Datarep","2"
"Datas","6"
"Dataset","23"
"Datatable","10"
"Datatables","1"
"Datatype","155"
"Datavalue","3"
"Date","1105"
"Dates","10"
"Datesep","2"
"Datesuff","1"
"Dateticks","4"
"Datetime","1"
"Day","397"
"Daylight","98"
"Dayofweek","2"
"Days","113"
"Daytime","1"
"Db","228"
"Dbg","1"
"Dbl","32"
"Dc","8"
"Dd","5"
"De","5"
"Deactivated","3"
"Deadend","3"
"Deadline","1"
"Deallocate","2"
"Debug","382"
"Debuggable","4"
"Debugger","306"
"Debugging","30"
"Dec","91"
"Decendents","1"
"Decide","4"
"Decimal","452"
"Decimals","5"
"Decipher","2"
"Decision","12"
"Decl","174"
"Declaration","182"
"Declarations","12"
"Declarative","13"
"Declare","22"
"Declared","89"
"Declares","1"
"Declaring","179"
"Declined","2"
"Declining","46"
"Decls","16"
"Decode","316"
"Decoded","147"
"Decoder","200"
"Decoding","12"
"Decompose","2"
"Decompress","14"
"Decompressed","8"
"Decompression","29"
"Decompressor","1"
"Deconstruct","35"
"Decorated","14"
"Decrease","4"
"Decrement","61"
"Decrypt","111"
"Decrypted","13"
"Decryption","5"
"Decryptor","31"
"Dedent","2"
"Dedicated","1"
"Deduce","3"
"Deduplicated","1"
"Deep","61"
"Def","246"
"Defattr","29"
"Default","1736"
"Defaultcreds","2"
"Defaulted","4"
"Defaults","9"
"Defer","8"
"Deferral","1"
"Deferred","21"
"Defg","1"
"Define","177"
"Defined","257"
"Defines","1"
"Definite","1"
"Definition","239"
"Definitions","32"
"Deflate","58"
"Deflated","2"
"Deflater","8"
"Defn","1"
"Defoliate","1"
"Defoliated","1"
"Defoliating","1"
"Deformatter","22"
"Defs","5"
"Degree","40"
"Degrees","16"
"Del","14"
"Delaration","3"
"Delay","93"
"Delayed","18"
"Delegate","453"
"Delegated","32"
"Delegates","10"
"Delegating","8"
"Delegation","4"
"Delegator","5"
"Delete","213"
"Deleted","41"
"Deleting","10"
"Deletion","2"
"Delim","5"
"Delimited","10"
"Delimiter","77"
"Delimiters","20"
"Delivered","6"
"Delivery","27"
"Delta","88"
"Deltas","3"
"Demand","11"
"Demanded","3"
"Demote","1"
"Demultiplexer","3"
"Demux","4"
"Den","3"
"Denied","45"
"Denorm","5"
"Denormal","4"
"Dense","1"
"Deny","20"
"Dep","1"
"Depadding","1"
"Dependencies","13"
"Dependency","32"
"Dependent","81"
"Depends","17"
"Depleted","1"
"Deposit","2"
"Deprecated","2"
"Deprioritization","2"
"Deprioritized","5"
"Deps","1"
"Depth","241"
"Deque","1"
"Dequeue","56"
"Dequeues","5"
"Der","19"
"Deref","9"
"Dereferenced","4"
"Deregister","1"
"Derivation","37"
"Derivative","7"
"Derive","90"
"Derived","235"
"Des","9"
"Desc","225"
"Descendant","52"
"Descendants","20"
"Descendent","2"
"Descending","54"
"Descr","5"
"Describing","3"
"Description","288"
"Descriptions","3"
"Descriptor","282"
"Descriptors","12"
"Descs","3"
"Deser","6"
"Deserializable","6"
"Deserialization","61"
"Deserialize","132"
"Deserialized","31"
"Deserializing","16"
"Design","50"
"Designator","18"
"Designer","143"
"Designers","7"
"Designtime","9"
"Desired","97"
"Desktop","14"
"Dest","228"
"Destination","1557"
"Destroy","22"
"Destructor","2"
"Desttype","1"
"Detach","9"
"Detachable","1"
"Detached","4"
"Detail","22"
"Detailed","19"
"Details","40"
"Detect","45"
"Detected","10"
"Detection","26"
"Detector","2"
"Determinant","4"
"Determine","31"
"Determined","3"
"Deterministic","10"
"Dev","6"
"Devanagari","4"
"Devenagari","1"
"Deviation","3"
"Device","48"
"Devices","2"
"Dex","1"
"Dfa","6"
"Dfs","1"
"Dg","1"
"Dgram","4"
"Dh","3"
"Dhcp","27"
"Dhcpv","4"
"Di","1"
"Diacritical","8"
"Diag","56"
"Diagnostic","24"
"Diagnostics","6"
"Dialog","8"
"Dialogs","4"
"Dialup","1"
"Diamond","3"
"Dicriminator","3"
"Dict","22"
"Dictionaries","1"
"Dictionary","370"
"Dif","2"
"Diff","58"
"Differ","6"
"Difference","68"
"Differences","8"
"Different","37"
"Diffgram","9"
"Diffie","45"
"Diffs","2"
"Dig","8"
"Digest","39"
"Digit","226"
"Digital","3"
"Digits","238"
"Dim","37"
"Dimension","8"
"Dimensional","11"
"Dimensions","11"
"Dimentions","2"
"Dims","1"
"Dingbats","2"
"Dir","30"
"Direct","32"
"Direction","103"
"Directive","8"
"Directly","3"
"Directories","41"
"Directory","612"
"Dirs","3"
"Dirty","8"
"Disable","82"
"Disabled","63"
"Disallow","14"
"Disallowed","15"
"Discard","23"
"Discardable","4"
"Discarded","35"
"Discards","7"
"Disconnect","40"
"Disconnected","16"
"Disconnecting","1"
"Discontinuous","1"
"Discovered","2"
"Discovery","8"
"Discretionary","26"
"Discriminated","2"
"Discriminator","38"
"Discriminators","11"
"Disk","37"
"Disks","1"
"Disp","62"
"Dispatch","129"
"Dispatchable","1"
"Dispatcher","10"
"Dispatchers","1"
"Dispenser","5"
"Dispid","22"
"Displacement","4"
"Display","349"
"Displayed","1"
"Disposable","36"
"Disposables","5"
"Disposal","1"
"Dispose","812"
"Disposed","270"
"Disposing","338"
"Disposition","65"
"Disregard","1"
"Dist","4"
"Distance","63"
"Distinct","37"
"Distinguished","45"
"Distributed","70"
"Distribution","5"
"Distrust","1"
"Div","89"
"Divide","107"
"Dividend","10"
"Divider","2"
"Division","47"
"Divisor","36"
"Diy","1"
"Dk","1"
"Dlgt","6"
"Dlib","1"
"Dll","104"
"Dm","5"
"Dns","93"
"Dnsendpoint","2"
"Do","106"
"Doc","195"
"Docs","1"
"Doctype","19"
"Document","471"
"Documentation","24"
"Documents","11"
"Dod","34"
"Dodger","3"
"Doe","4"
"Does","130"
"Doesnot","2"
"Doesnt","13"
"Dollar","6"
"Dom","39"
"Domain","263"
"Domains","10"
"Done","125"
"Donor","5"
"Dont","42"
"Doomed","3"
"Dop","9"
"Dormant","1"
"Dos","14"
"Dot","52"
"Dotnet","3"
"Dots","6"
"Dotstarred","1"
"Dotted","1"
"Double","406"
"Doubling","147"
"Doubly","1"
"Doubt","71"
"Down","55"
"Downgrade","4"
"Download","79"
"Downloads","3"
"Dp","7"
"Dpapi","1"
"Dps","3"
"Dqu","16"
"Dr","3"
"Drab","3"
"Drag","5"
"Dragon","4"
"Drain","44"
"Draw","1"
"Drawing","3"
"Drive","63"
"Driven","5"
"Driver","3"
"Drives","11"
"Drop","18"
"Dropped","5"
"Ds","61"
"Dsa","79"
"Dsd","1"
"Dsig","8"
"Dsl","5"
"Dsn","2"
"Dsp","1"
"Dss","7"
"Dst","144"
"Dstruct","1"
"Dt","98"
"Dtc","24"
"Dtd","198"
"Dtds","8"
"Dtext","1"
"Dtfi","58"
"Dtok","2"
"Dtt","1"
"Dtvalue","2"
"Dtvalues","2"
"Dtx","1"
"Dtype","4"
"Dtzi","2"
"Dual","15"
"Due","40"
"Duid","2"
"Dummy","11"
"Dump","17"
"Dup","101"
"Dupl","8"
"Duplex","18"
"Duplicate","291"
"Duplicated","4"
"Duplicates","17"
"Dups","1"
"Durable","46"
"Duration","98"
"Durations","4"
"During","41"
"Dv","4"
"Dvalue","5"
"Dvm","1"
"Dw","858"
"Dwl","1"
"Dword","3"
"Dx","1"
"Dy","1"
"Dynamic","385"
"Dynamically","5"
"Ea","8"
"Each","75"
"Eaf","3"
"Eager","1"
"Eai","7"
"Eak","1"
"Eap","1"
"Earl","1"
"Early","30"
"Easily","2"
"East","6"
"Eat","10"
"Eaten","3"
"Eb","5"
"Ebc","1"
"Ebcdic","4"
"Ec","29"
"Ecb","26"
"Ecc","16"
"Eccentricity","2"
"Ecdh","7"
"Ecdhp","3"
"Ecdsa","6"
"Ecdsap","3"
"Ecfull","4"
"Echo","39"
"Ecma","8"
"Ed","3"
"Edge","7"
"Edi","3"
"Edit","84"
"Editable","5"
"Editor","70"
"Editors","2"
"Edwards","1"
"Effect","19"
"Effective","59"
"Effectively","1"
"Effects","23"
"Efficiency","1"
"Efgh","2"
"Efi","4"
"Ehlo","2"
"Eight","4"
"Ek","44"
"Ekb","2"
"Eku","1"
"El","5"
"Elapsed","36"
"Ele","11"
"Elem","127"
"Elemdesc","2"
"Element","2808"
"Elementfor","1"
"Elements","320"
"Elems","8"
"Elevated","1"
"Elevation","4"
"Eligible","13"
"Eliminate","51"
"Elment","2"
"Else","45"
"Elt","1"
"Email","16"
"Embedded","28"
"Emf","2"
"Emit","436"
"Emitted","2"
"Emitter","1"
"Emptable","3"
"Emptiable","15"
"Empty","819"
"Emptyflag","1"
"Emptystringcall","2"
"Emulate","1"
"En","25"
"Enable","152"
"Enabled","223"
"Enc","41"
"Encapsulate","1"
"Encapsulating","2"
"Encipher","2"
"Encipherment","4"
"Enclosed","8"
"Enclosing","20"
"Encodable","5"
"Encode","308"
"Encoded","275"
"Encoder","261"
"Encoders","1"
"Encoding","809"
"Encodings","10"
"Encompassed","1"
"Encompasses","2"
"Encompassing","1"
"Encountered","13"
"Encrypt","99"
"Encrypted","190"
"Encrypting","30"
"Encryption","64"
"Encryptor","30"
"End","1922"
"Ended","30"
"Endfilter","3"
"Endfinally","3"
"Endian","175"
"Endianness","46"
"Ending","18"
"Endings","4"
"Endof","1"
"Endpoint","12"
"Endpos","2"
"Ends","36"
"Enforce","27"
"Enforced","4"
"Enforcement","10"
"Engine","22"
"English","37"
"Enhance","1"
"Enhanced","20"
"Enlarge","7"
"Enlist","75"
"Enlistable","1"
"Enlistment","498"
"Enlistments","15"
"Enode","1"
"Enough","38"
"Enqueue","43"
"Enqueues","2"
"Enquoted","1"
"Enrichment","3"
"Ensure","262"
"Ensures","4"
"Ent","13"
"Enter","174"
"Entered","3"
"Entering","1"
"Enterprise","10"
"Entire","12"
"Entities","31"
"Entitize","4"
"Entity","514"
"Entitytoobig","2"
"Entries","107"
"Entropy","1"
"Entry","495"
"Entrypoint","6"
"Enum","716"
"Enumerable","253"
"Enumerate","79"
"Enumerated","21"
"Enumerating","15"
"Enumeration","114"
"Enumerator","873"
"Enumerators","4"
"Enums","14"
"Env","21"
"Envelope","12"
"Enveloped","2"
"Environ","3"
"Environment","65"
"Eocd","3"
"Eof","34"
"Eol","10"
"Eor","1"
"Ep","8"
"Ephemeral","21"
"Ephemeris","9"
"Epilog","1"
"Epilogue","1"
"Epoch","8"
"Epsilon","16"
"Eq","30"
"Equal","730"
"Equality","359"
"Equals","991"
"Equatable","8"
"Equation","1"
"Equiv","2"
"Equivalence","23"
"Equivalences","8"
"Equivalent","33"
"Era","280"
"Eras","36"
"Erase","1"
"Eref","1"
"Erl","6"
"Err","61"
"Errcol","1"
"Errline","1"
"Error","1425"
"Errors","206"
"Es","2"
"Esc","1"
"Escapable","3"
"Escape","216"
"Escaped","139"
"Escaper","6"
"Escapes","1"
"Escaping","24"
"Essentially","1"
"Establish","8"
"Established","18"
"Estimate","34"
"Estimated","7"
"Estimator","2"
"Et","2"
"Etag","2"
"Etc","2"
"Ethernet","5"
"Ethiopic","8"
"Etw","22"
"Ev","5"
"Eval","47"
"Evaluate","62"
"Evaluation","3"
"Evaluator","12"
"Even","88"
"Event","2118"
"Eventhandler","6"
"Events","223"
"Eventtype","4"
"Ever","6"
"Every","4"
"Everyone","2"
"Everything","8"
"Evict","2"
"Evicted","1"
"Eviction","2"
"Evidence","24"
"Evnt","1"
"Evp","2"
"Evt","4"
"Ex","226"
"Exact","116"
"Exactly","7"
"Examine","3"
"Examplar","8"
"Examplars","2"
"Exc","18"
"Exceed","6"
"Exceeded","68"
"Exceeds","6"
"Excep","10"
"Except","170"
"Exceptfds","4"
"Exception","2547"
"Exceptional","11"
"Exceptions","111"
"Excess","8"
"Excessive","1"
"Exch","4"
"Exchange","106"
"Excl","1"
"Exclamation","2"
"Exclude","22"
"Excluded","14"
"Exclusion","3"
"Exclusive","201"
"Excp","2"
"Exe","6"
"Exec","8"
"Executable","6"
"Execute","203"
"Executed","4"
"Executing","13"
"Execution","138"
"Executive","1"
"Executor","11"
"Exhausted","1"
"Exist","41"
"Existed","3"
"Existence","2"
"Existing","70"
"Exists","108"
"Exit","117"
"Exited","22"
"Exits","1"
"Exl","14"
"Exp","52"
"Expand","64"
"Expandable","6"
"Expanded","33"
"Expando","50"
"Expansion","6"
"Expansions","1"
"Expect","68"
"Expectation","5"
"Expected","390"
"Expecting","20"
"Expedited","1"
"Experimental","2"
"Expiration","11"
"Expire","3"
"Expired","28"
"Expires","13"
"Expiry","3"
"Explicit","574"
"Explicitly","35"
"Explorer","2"
"Exponent","116"
"Exponential","3"
"Export","272"
"Exportable","6"
"Exported","40"
"Exporter","12"
"Exposable","1"
"Expose","1"
"Exposed","15"
"Exposure","7"
"Expr","556"
"Expression","917"
"Expressions","84"
"Ext","23"
"Extd","2"
"Extend","46"
"Extended","215"
"Extendee","1"
"Extender","42"
"Extenders","1"
"Extending","1"
"Extends","6"
"Extensibility","2"
"Extensible","6"
"Extension","325"
"Extensions","246"
"Extent","1"
"External","130"
"Externals","5"
"Extn","4"
"Extra","66"
"Extract","247"
"Extracting","8"
"Extraneous","1"
"Fa","1"
"Fabricate","1"
"Fac","7"
"Face","3"
"Facet","214"
"Facets","163"
"Facility","4"
"Fact","5"
"Factor","22"
"Factories","15"
"Factorty","1"
"Factory","277"
"Facts","4"
"Fagment","1"
"Fail","78"
"Failed","316"
"Failing","1"
"Fails","2"
"Failure","167"
"Failures","8"
"Fairly","2"
"Fairness","4"
"Fake","6"
"Fall","11"
"Fallback","356"
"Fallbacks","8"
"Falling","2"
"False","101"
"Fam","10"
"Families","6"
"Family","148"
"Far","47"
"Fardata","1"
"Fast","87"
"Fastcall","5"
"Fastest","1"
"Fat","1"
"Fatal","8"
"Fault","47"
"Faulted","33"
"Favorites","2"
"Faxis","1"
"Fbase","1"
"Fd","16"
"Fddi","1"
"Fdw","3"
"Feasible","1"
"Feature","16"
"Features","2"
"Feed","11"
"Feedback","97"
"Fence","3"
"Fetch","27"
"Fetched","9"
"Fetcher","1"
"Fetches","1"
"Fetching","3"
"Few","8"
"Fewer","4"
"Ff","1"
"Fg","1"
"Fi","4"
"Field","1104"
"Fieldname","1"
"Fieldoffset","1"
"Fields","132"
"Fifo","4"
"File","1934"
"Filename","41"
"Filepath","5"
"Files","74"
"Fill","140"
"Filled","19"
"Fillup","4"
"Filter","450"
"Filtered","17"
"Filtering","4"
"Filters","17"
"Fin","3"
"Final","227"
"Finalizable","2"
"Finalization","11"
"Finalize","101"
"Finalized","7"
"Finalizer","6"
"Finalizers","4"
"Finalizing","1"
"Finally","94"
"Finance","1"
"Financial","16"
"Find","612"
"Finder","5"
"Finding","2"
"Finish","124"
"Finished","42"
"Finite","14"
"Fips","2"
"Fire","26"
"Firebrick","3"
"Fired","2"
"Fires","1"
"First","752"
"Firstpos","18"
"Firsttime","1"
"Fit","47"
"Fits","2"
"Fix","19"
"Fixed","329"
"Fixup","190"
"Fixups","19"
"Fk","3"
"Fl","12"
"Flag","160"
"Flags","1987"
"Flat","1"
"Flatten","2"
"Flattened","5"
"Fld","19"
"Flds","2"
"Flight","2"
"Flip","4"
"Float","86"
"Floating","40"
"Floor","41"
"Floral","3"
"Flow","80"
"Flowinfo","2"
"Flush","433"
"Flushed","5"
"Fm","1"
"Fma","2"
"Fmt","6"
"Fn","9"
"Fnd","4"
"Fnkind","6"
"Fnv","2"
"Focus","37"
"Foep","1"
"Fold","12"
"Folder","15"
"Foliate","9"
"Foliated","11"
"Foliating","2"
"Foliation","16"
"Foll","15"
"Follow","7"
"Followed","1"
"Following","60"
"Followpos","17"
"Follows","1"
"Font","15"
"Fonts","2"
"Footer","19"
"For","1374"
"Forbid","8"
"Forbidden","11"
"Force","74"
"Forced","7"
"Fore","2"
"Foreground","14"
"Foreign","47"
"Forejump","1"
"Forest","4"
"Fork","16"
"Form","184"
"Formal","15"
"Format","2263"
"Formatetc","2"
"Formatinfo","2"
"Formats","81"
"Formattable","38"
"Formatted","78"
"Formatter","136"
"Formatters","1"
"Formatting","14"
"Formatu","1"
"Formed","14"
"Forms","20"
"Forward","51"
"Forwardcharnext","1"
"Forwardchars","1"
"Forwarded","33"
"Forwarder","5"
"Forwarding","9"
"Forwards","14"
"Found","424"
"Foundation","1"
"Four","28"
"Fourth","3"
"Fox","2"
"Fp","10"
"Fpret","1"
"Fpu","2"
"Fqbn","3"
"Fqdn","3"
"Fraction","57"
"Fractional","6"
"Fractions","2"
"Frag","13"
"Fragment","92"
"Fragmentation","5"
"Fragmented","8"
"Frame","540"
"Framer","2"
"Frames","22"
"Framesize","2"
"Framework","36"
"Free","214"
"Freed","1"
"Freeze","13"
"Freezing","3"
"French","2"
"Freq","2"
"Frequency","23"
"Fresh","15"
"Freshness","8"
"Friday","3"
"Friend","2"
"Friendly","56"
"From","1908"
"Fromto","2"
"Front","4"
"Frozen","77"
"Fs","2"
"Fsharp","10"
"Ft","23"
"Fto","2"
"Ftp","59"
"Ftps","1"
"Ftpstatuscode","32"
"Ftype","6"
"Fuchsia","3"
"Full","434"
"Fullname","8"
"Fullnamespace","2"
"Fullwidth","2"
"Fully","32"
"Fun","4"
"Func","363"
"Funckind","1"
"Funcs","9"
"Function","434"
"Functional","1"
"Functions","34"
"Fund","3"
"Fundamental","14"
"Fused","91"
"Fusion","7"
"Future","3"
"Fv","1"
"Fwd","10"
"Fws","1"
"Fwt","1"
"Fx","2"
"Gain","1"
"Gainsboro","3"
"Ganada","1"
"Gate","10"
"Gateway","16"
"Gateways","1"
"Gather","59"
"Gauge","8"
"Gc","14"
"Gcd","5"
"Gch","5"
"Gchandle","3"
"Gcm","8"
"Ge","20"
"Gea","5"
"Gen","112"
"Gender","1"
"General","44"
"Generalized","8"
"Generate","254"
"Generated","57"
"Generation","84"
"Generations","1"
"Generator","76"
"Generic","822"
"Generically","2"
"Genericity","4"
"Generics","3"
"Genetive","1"
"Genitive","22"
"Genitve","1"
"Geo","13"
"Geometric","2"
"Georgian","6"
"Get","32869"
"Gethostname","1"
"Getmark","1"
"Getpeername","1"
"Gets","4"
"Getsockname","1"
"Getsockopt","4"
"Gettable","1"
"Getter","86"
"Getting","3"
"Ggp","1"
"Ghost","3"
"Gid","4"
"Gif","1"
"Gigabit","1"
"Give","10"
"Given","9"
"Glagolitic","2"
"Glo","3"
"Global","225"
"Globalization","305"
"Globally","1"
"Globals","7"
"Gnu","23"
"Go","16"
"Goal","8"
"Goaway","2"
"Gold","3"
"Goldenrod","12"
"Gone","1"
"Gopher","6"
"Got","1"
"Goto","36"
"Grab","8"
"Grabbed","4"
"Graceful","1"
"Gradient","9"
"Gram","5"
"Grand","2"
"Granted","3"
"Granularity","4"
"Graph","17"
"Grapheme","13"
"Graphic","1"
"Graphics","9"
"Gray","26"
"Grbit","2"
"Great","1"
"Greater","395"
"Greatest","9"
"Greedy","17"
"Greek","2"
"Greekand","2"
"Green","55"
"Gregorian","32"
"Grf","36"
"Grflt","4"
"Grfos","3"
"Grfuom","2"
"Grid","7"
"Grisu","1"
"Group","667"
"Groupcoll","1"
"Grouped","4"
"Grouping","55"
"Groupings","4"
"Groupname","1"
"Groupnum","4"
"Groups","61"
"Grovel","3"
"Groveler","4"
"Grow","56"
"Growing","1"
"Growth","6"
"Grp","3"
"Grpc","3"
"Gt","49"
"Guarantee","3"
"Guaranteed","1"
"Guarantees","11"
"Guard","19"
"Guess","9"
"Guest","5"
"Guests","2"
"Gui","2"
"Guid","222"
"Guids","5"
"Gujarati","2"
"Gurmukhi","2"
"Gzip","2"
"Hack","1"
"Had","3"
"Half","42"
"Halfwidth","2"
"Halfwidthand","2"
"Halg","4"
"Halving","36"
"Hand","1"
"Handed","15"
"Handing","1"
"Handle","3004"
"Handled","21"
"Handler","791"
"Handlers","24"
"Handles","60"
"Handling","334"
"Handshake","57"
"Handshakes","6"
"Hangul","10"
"Hanunoo","2"
"Happen","11"
"Happened","1"
"Hard","28"
"Hardware","13"
"Has","1050"
"Hash","2221"
"Hashcode","13"
"Hasher","3"
"Hashes","4"
"Hashing","3"
"Hashsize","1"
"Hashtable","53"
"Hat","2"
"Hatch","2"
"Have","287"
"Hc","2"
"Hcp","10"
"Head","84"
"Header","848"
"Headers","410"
"Heap","244"
"Heapify","3"
"Heaps","5"
"Heapsort","2"
"Heart","4"
"Heavy","10"
"Hebrew","40"
"Height","72"
"Held","25"
"Heldover","1"
"Hellman","45"
"Hello","28"
"Help","85"
"Helper","338"
"Helpers","72"
"Here","13"
"Heterogenous","1"
"Heuristic","7"
"Hex","279"
"Hexadecimal","1"
"Hexagram","2"
"Hexs","2"
"Hglobal","1"
"Hh","1"
"Hi","45"
"Hidden","46"
"Hide","13"
"Hierarchial","2"
"Hierarchical","3"
"Hierarchy","38"
"High","419"
"Higher","1"
"Highest","6"
"Highlight","12"
"Hijk","1"
"Hijri","26"
"Hill","2"
"Hindi","3"
"Hint","85"
"Hints","12"
"Hira","2"
"Hiragana","4"
"Histogram","11"
"Histograms","10"
"History","7"
"Hit","1"
"Hive","3"
"Hk","8"
"Hkey","7"
"Hlp","3"
"Hmac","49"
"Hnd","17"
"Hoisted","13"
"Hold","1"
"Holder","41"
"Holders","6"
"Holding","1"
"Holds","3"
"Home","53"
"Homogenous","2"
"Honeydew","3"
"Hook","16"
"Hooks","3"
"Hookup","1"
"Hop","3"
"Horiz","4"
"Horizontal","22"
"Horizontally","1"
"Host","438"
"Hosted","2"
"Hosting","5"
"Hostname","20"
"Hostpolicy","2"
"Hosts","2"
"Hot","8"
"Hotkey","1"
"Hour","95"
"Hours","30"
"How","10"
"Hpack","18"
"Hr","37"
"Href","15"
"Hrefs","5"
"Hreftype","1"
"Hresult","22"
"Hresults","1"
"Ht","3"
"Html","76"
"Http","760"
"Httpmethod","2"
"Https","11"
"Hue","1"
"Huffman","12"
"Huge","3"
"Hundred","1"
"Hwnd","4"
"Hybrid","5"
"Hyper","2"
"Hyperbolic","2"
"Hyphen","5"
"Hypot","6"
"Ia","3"
"Iaid","1"
"Iana","22"
"Iar","11"
"Ias","1"
"Ib","28"
"Icmp","34"
"Icon","4"
"Icons","4"
"Icu","48"
"Icuin","3"
"Icuuc","3"
"Id","2701"
"Ideal","5"
"Ident","2"
"Identety","1"
"Identical","7"
"Identification","4"
"Identifier","399"
"Identifiers","15"
"Identify","2"
"Identities","15"
"Identity","297"
"Ideographic","2"
"Ideographs","6"
"Idiv","1"
"Idldesc","2"
"Idle","61"
"Idn","37"
"Idp","1"
"Idref","2"
"Idrefs","2"
"Ids","56"
"Idto","1"
"Idx","130"
"Ieee","23"
"Ietf","5"
"If","587"
"Iface","2"
"Ifaces","11"
"Ifindex","3"
"Ifm","2"
"Ifs","2"
"Igmp","2"
"Ignor","2"
"Ignorable","2"
"Ignore","532"
"Ignored","27"
"Ignores","7"
"Ignoring","3"
"Iid","89"
"Iif","1"
"Iis","3"
"Ikm","5"
"Il","118"
"Ildasm","5"
"Ilg","16"
"Ilgen","1"
"Illegal","104"
"Image","154"
"Imaginary","10"
"Imm","12"
"Immediate","3"
"Immediately","1"
"Immutable","175"
"Imp","7"
"Impersonate","8"
"Impersonated","7"
"Impersonating","5"
"Impersonation","80"
"Impl","415"
"Implement","10"
"Implementation","146"
"Implementations","3"
"Implemented","58"
"Implementing","12"
"Implementor","1"
"Implements","27"
"Implicit","393"
"Implicitly","7"
"Implied","6"
"Import","491"
"Importance","1"
"Imported","15"
"Importer","20"
"Imports","46"
"Improper","2"
"In","1597"
"Inaccess","1"
"Inaccessible","41"
"Inactive","12"
"Inadequate","1"
"Iname","3"
"Inasync","4"
"Inbound","7"
"Inbox","1"
"Inc","32"
"Include","291"
"Included","5"
"Includes","5"
"Including","3"
"Inclusive","186"
"Incoming","63"
"Incompatible","16"
"Incomplete","53"
"Inconclusive","1"
"Inconsistent","9"
"Incorrect","82"
"Incorrectly","4"
"Incorrently","2"
"Incorret","2"
"Incr","1"
"Increase","13"
"Increasing","1"
"Increment","130"
"Incrementable","1"
"Incremental","21"
"Incrementing","9"
"Ind","5"
"Indefinite","12"
"Indent","113"
"Indentation","7"
"Indented","66"
"Independent","1"
"Indeterminate","1"
"Index","5896"
"Indexable","1"
"Indexed","43"
"Indexer","39"
"Indexes","112"
"Indexible","18"
"Indexing","7"
"Indexwith","2"
"Indian","3"
"Indic","9"
"Indicate","4"
"Indicator","2"
"Indice","1"
"Indices","113"
"Indigo","3"
"Indir","1"
"Indirect","17"
"Indirection","3"
"Indirects","1"
"Individual","1"
"Indoubt","18"
"Induced","3"
"Inequality","183"
"Inert","2"
"Inet","1"
"Inext","1"
"Inextp","1"
"Inf","25"
"Infer","28"
"Inference","60"
"Inferred","1"
"Inferrer","1"
"Infinite","15"
"Infinitely","1"
"Infinity","121"
"Inflate","32"
"Inflated","2"
"Inflater","8"
"Inflator","2"
"Info","3314"
"Infom","3"
"Inform","1"
"Information","446"
"Informational","7"
"Infos","72"
"Infosize","1"
"Infrastructure","6"
"Inherit","215"
"Inheritability","35"
"Inheritable","8"
"Inheritance","89"
"Inherited","97"
"Inherits","1"
"Inhibit","1"
"Init","776"
"Inital","1"
"Initblk","3"
"Inited","3"
"Initial","176"
"Initialise","1"
"Initialization","22"
"Initialize","272"
"Initialized","150"
"Initializer","67"
"Initializers","27"
"Initializing","19"
"Initially","4"
"Initiate","3"
"Initiated","7"
"Initobj","3"
"Inits","1"
"Inject","6"
"Injection","2"
"Inline","64"
"Inlined","7"
"Inlinee","9"
"Inliner","9"
"Inlining","12"
"Inner","565"
"Innertext","4"
"Innerxmltext","3"
"Input","1410"
"Inputaxis","1"
"Inputbase","1"
"Inputfile","2"
"Inputs","3"
"Insecure","3"
"Insensitive","67"
"Insert","478"
"Inserted","11"
"Inserter","1"
"Inserting","5"
"Insertion","11"
"Inserts","1"
"Inside","2"
"Inspect","3"
"Inspectable","2"
"Inst","53"
"Install","2"
"Installed","8"
"Installer","12"
"Instance","932"
"Instances","30"
"Instant","2"
"Instantiate","13"
"Instantiated","2"
"Instantiation","44"
"Instantiations","3"
"Instr","1"
"Instruction","404"
"Instructions","41"
"Instrument","82"
"Instrumentation","3"
"Instruments","6"
"Insufficient","40"
"Insuffient","3"
"Insure","1"
"Int","2251"
"Integer","272"
"Integers","1"
"Integral","3"
"Integrated","1"
"Integrity","7"
"Intellisense","3"
"Intended","2"
"Intensity","2"
"Intent","12"
"Intention","1"
"Inter","8"
"Interaction","4"
"Interactive","16"
"Intercept","2"
"Interest","1"
"Interface","469"
"Interfaces","60"
"Interior","2"
"Interleave","1"
"Interlocked","14"
"Intermediate","16"
"Intermediates","2"
"Intern","2"
"Internal","963"
"Internally","3"
"Internals","14"
"International","1"
"Interned","2"
"Internet","5"
"Interning","1"
"Interop","93"
"Interpolated","24"
"Interpolation","1"
"Interpret","4"
"Interpretation","2"
"Interpreted","10"
"Interpreter","14"
"Interpreting","2"
"Interrupt","5"
"Interrupted","5"
"Intersect","39"
"Intersection","14"
"Intersects","3"
"Interval","118"
"Intf","1"
"Intiailized","1"
"Intl","5"
"Into","31"
"Intptr","5"
"Intranet","1"
"Intrinsic","15"
"Intrinsics","5"
"Intrinsified","5"
"Intro","6"
"Introduce","2"
"Introduced","4"
"Introspection","4"
"Introspective","4"
"Ints","2"
"Inv","24"
"Invalid","2630"
"Invalidasyncresult","6"
"Invalidate","12"
"Invalidated","1"
"Invalidendcall","6"
"Invalidinitialstreamwindowsize","2"
"Invalidnestedcall","4"
"Invalidstatus","2"
"Invalidsuccessor","1"
"Invalidversion","2"
"Invariant","130"
"Invasync","2"
"Inverse","9"
"Invert","10"
"Invk","3"
"Invkind","3"
"Invocable","9"
"Invocation","61"
"Invoke","1105"
"Invoked","14"
"Invokee","1"
"Invoker","40"
"Invokers","1"
"Io","116"
"Iocb","4"
"Iocp","1"
"Ioctl","4"
"Ioctlsocket","2"
"Ip","75"
"Ipa","2"
"Ipaddress","3"
"Ipv","27"
"Ipx","3"
"Ir","3"
"Irda","2"
"Iri","22"
"Iroha","2"
"Is","7555"
"Isatap","1"
"Isdesorself","1"
"Isdn","3"
"Isf","6"
"Isinst","3"
"Iso","25"
"Isolated","60"
"Isolation","45"
"Isomorphic","2"
"Ispublic","2"
"Issuance","3"
"Issue","5"
"Issued","1"
"Issuer","95"
"Issuers","13"
"It","18"
"Item","2526"
"Items","509"
"Iter","31"
"Iterate","3"
"Iterating","1"
"Iteration","71"
"Iterations","39"
"Iterative","1"
"Iterator","246"
"Iterators","3"
"Itf","9"
"Itfs","2"
"Itr","1"
"Iuci","2"
"Iul","6"
"Iunknown","1"
"Iv","82"
"Ivory","3"
"Jagged","6"
"Jajp","1"
"Jam","2"
"Jamo","8"
"Jan","2"
"Japanese","28"
"Java","11"
"Javanese","2"
"Jit","27"
"Jitted","4"
"Jitting","1"
"Jmp","4"
"Join","142"
"Joinable","1"
"Joins","5"
"Jpeg","1"
"Json","698"
"Julian","11"
"Jump","20"
"Jumps","2"
"Junk","3"
"Just","18"
"Justification","9"
"Justified","20"
"Kana","5"
"Kanbun","2"
"Kangxi","2"
"Kannada","2"
"Kappa","5"
"Kata","2"
"Katakana","7"
"Katmai","24"
"Kayah","2"
"Kdf","31"
"Kebab","8"
"Keep","126"
"Keepalive","11"
"Kept","1"
"Kerb","2"
"Kerberos","2"
"Kernel","34"
"Key","5350"
"Keyboard","4"
"Keycomparer","1"
"Keyed","7"
"Keygen","1"
"Keyname","3"
"Keyref","14"
"Keys","460"
"Keyvalue","2"
"Keyword","138"
"Keywords","95"
"Khaki","6"
"Khmer","4"
"Kickoff","6"
"Kill","9"
"Kind","592"
"Kindand","3"
"Kindmask","3"
"Kinds","26"
"Kit","2"
"Klass","3"
"Known","178"
"Ko","2"
"Kor","2"
"Korean","10"
"Krbtgt","1"
"Ks","6"
"Ksp","3"
"Ku","1"
"Kv","3"
"Kvp","1"
"Kwd","2"
"Label","360"
"Labeled","3"
"Labels","37"
"Lace","3"
"Lacks","3"
"Lambda","128"
"Lambdas","1"
"Lane","36"
"Lang","144"
"Language","138"
"Languages","8"
"Lao","2"
"Large","122"
"Larger","13"
"Largest","9"
"Last","858"
"Lastpos","12"
"Lat","2"
"Latch","2"
"Late","64"
"Latebound","3"
"Latency","14"
"Latent","1"
"Later","2"
"Latest","2"
"Latin","53"
"Launch","6"
"Launched","3"
"Lavender","6"
"Lawn","3"
"Lax","6"
"Layer","15"
"Layout","79"
"Lazily","3"
"Lazy","95"
"Lazybranch","1"
"Lazybranchcount","1"
"Lazybranchmark","1"
"Lazyloop","1"
"Lb","1"
"Lbl","25"
"Lc","15"
"Lcg","2"
"Lch","3"
"Lcid","47"
"Lctype","1"
"Ldap","5"
"Ldarg","23"
"Ldarga","9"
"Ldc","53"
"Ldelem","40"
"Ldelema","5"
"Ldfld","3"
"Ldflda","3"
"Ldftn","3"
"Ldind","39"
"Ldlen","5"
"Ldloc","23"
"Ldloca","8"
"Ldnull","3"
"Ldobj","4"
"Ldsfld","3"
"Ldsflda","3"
"Ldstr","5"
"Ldthis","1"
"Ldthisfld","1"
"Ldthisflda","1"
"Ldtoken","6"
"Ldvirtftn","3"
"Le","23"
"Lead","17"
"Leading","105"
"Leaf","15"
"Leap","79"
"Lease","15"
"Least","45"
"Leave","92"
"Left","4565"
"Leftover","14"
"Legacy","42"
"Legal","80"
"Lehmer","1"
"Lemon","3"
"Len","267"
"Length","2804"
"Lengths","19"
"Lepcha","2"
"Lerp","13"
"Less","417"
"Let","20"
"Letter","105"
"Letterlike","2"
"Letters","6"
"Lettersand","2"
"Level","631"
"Levels","9"
"Lex","24"
"Lexical","5"
"Lf","4"
"Lh","1"
"Lhs","21"
"Li","10"
"Lib","132"
"Library","45"
"Lic","31"
"License","77"
"Licensed","4"
"Life","7"
"Lifecycle","1"
"Lifespan","2"
"Lifetime","44"
"Lifo","2"
"Lift","36"
"Lifted","172"
"Lifting","4"
"Ligature","24"
"Light","55"
"Lightup","2"
"Like","69"
"Likely","1"
"Lim","3"
"Limbu","2"
"Lime","6"
"Limit","124"
"Limitation","1"
"Limited","3"
"Limiter","29"
"Limiting","2"
"Limits","80"
"Lindex","1"
"Line","1044"
"Linear","8"
"Linearlength","1"
"Lineinfo","1"
"Linen","3"
"Lines","55"
"Lineup","1"
"Linger","24"
"Linguistic","4"
"Link","143"
"Linked","89"
"Linker","15"
"Linking","8"
"Links","20"
"Linq","21"
"Linux","3"
"List","1430"
"Listen","20"
"Listener","277"
"Listeners","50"
"Listening","6"
"Lists","5"
"Lisu","2"
"Lit","24"
"Lite","16"
"Literal","271"
"Literals","27"
"Little","81"
"Littleendian","2"
"Live","10"
"Lived","1"
"Ln","1"
"Lname","6"
"Lng","2"
"Lo","32"
"Load","931"
"Loadable","2"
"Loaded","37"
"Loader","44"
"Loadfile","1"
"Loading","21"
"Loadsize","1"
"Loc","41"
"Local","1556"
"Localaddr","1"
"Locale","173"
"Locales","6"
"Locality","6"
"Localizable","12"
"Localization","5"
"Localized","22"
"Localloc","3"
"Locally","1"
"Localname","23"
"Locals","115"
"Locate","2"
"Located","1"
"Locating","2"
"Location","287"
"Locations","9"
"Locator","4"
"Lock","447"
"Locked","19"
"Locker","1"
"Locks","19"
"Log","282"
"Logarithmic","2"
"Logged","8"
"Logger","1"
"Logging","26"
"Logic","41"
"Logical","519"
"Logically","1"
"Login","9"
"Logon","44"
"Loh","9"
"Lone","1"
"Long","264"
"Longer","11"
"Longest","2"
"Longitude","9"
"Longs","1"
"Look","23"
"Lookaround","7"
"Looked","5"
"Looks","2"
"Lookup","331"
"Lookups","6"
"Loong","3"
"Loop","150"
"Loopback","34"
"Loops","5"
"Lose","3"
"Loss","2"
"Lossy","1"
"Lost","1"
"Low","303"
"Lower","641"
"Lowercase","18"
"Lowest","25"
"Lp","587"
"Lparam","1"
"Lpc","6"
"Lpcb","32"
"Lpclsid","2"
"Lpdw","6"
"Lpft","6"
"Lpfuncdesc","1"
"Lplp","2"
"Lpn","4"
"Lprgelemdesc","1"
"Lprgscode","1"
"Lpstr","3"
"Lpsz","34"
"Lptcomp","1"
"Lpvar","1"
"Lpvardesc","1"
"Lpwstr","4"
"Lr","2"
"Lref","1"
"Lrwc","1"
"Lsa","28"
"Lsb","1"
"Lt","25"
"Ltm","17"
"Lue","2"
"Luid","12"
"Luids","1"
"Lunar","21"
"Lunisolar","22"
"Lvalue","15"
"Lwr","4"
"Lz","16"
"Lzcnt","2"
"Lzyyyy","6"
"Mac","37"
"Machine","1671"
"Macro","1"
"Macros","1"
"Made","9"
"Magenta","8"
"Magic","36"
"Magnitude","49"
"Mail","70"
"Mailbox","9"
"Mailslot","2"
"Mailto","1"
"Main","46"
"Maintain","3"
"Maj","2"
"Major","91"
"Majority","1"
"Make","254"
"Maker","3"
"Mal","4"
"Malayalam","2"
"Malformed","22"
"Malloc","2"
"Man","2"
"Manage","2"
"Manageability","2"
"Managed","433"
"Management","1"
"Manager","584"
"Managers","1"
"Mandaic","2"
"Mandatory","3"
"Mangle","1"
"Manifest","101"
"Manipulation","1"
"Mantissa","35"
"Manual","22"
"Manually","1"
"Many","97"
"Map","369"
"Mapped","76"
"Mapper","11"
"Mappers","4"
"Mapping","535"
"Mappings","91"
"Maps","2"
"Margins","3"
"Mark","116"
"Markdown","1"
"Marked","8"
"Marker","32"
"Markers","5"
"Marks","22"
"Marksfor","2"
"Markup","22"
"Maroon","3"
"Marshal","234"
"Marshalable","1"
"Marshaler","81"
"Marshaller","36"
"Marshalling","33"
"Marshler","2"
"Marvin","2"
"Mask","537"
"Masked","14"
"Masking","3"
"Masks","4"
"Master","1"
"Match","744"
"Matchcount","1"
"Matched","22"
"Matcher","51"
"Matches","77"
"Matching","38"
"Matchkey","1"
"Matchmaker","5"
"Material","10"
"Math","21"
"Mathematical","8"
"Matrix","60"
"Max","1595"
"Maxargs","9"
"Maxid","1"
"Maximized","3"
"Maximum","171"
"Maxoccurs","1"
"May","44"
"Maybe","33"
"Mayek","4"
"Mb","5"
"Mbcs","6"
"Mc","1"
"Mcint","1"
"Md","55"
"Mdt","1"
"Me","2"
"Mean","5"
"Meaningless","1"
"Measure","2"
"Measurement","49"
"Measurements","9"
"Mechanisms","3"
"Media","90"
"Median","2"
"Mediator","6"
"Medium","34"
"Meetei","4"
"Meets","1"
"Megabit","1"
"Megabytes","1"
"Melform","2"
"Mem","89"
"Member","1407"
"Members","287"
"Membership","29"
"Memberwise","2"
"Memcpy","2"
"Memid","22"
"Memmove","4"
"Memo","4"
"Memoization","1"
"Memory","470"
"Menu","23"
"Mergable","3"
"Merge","190"
"Mergeable","4"
"Merged","12"
"Merger","2"
"Merging","4"
"Mesg","1"
"Message","1735"
"Messages","138"
"Met","1"
"Meta","68"
"Metachar","2"
"Metachars","1"
"Metadata","652"
"Metafile","5"
"Meter","66"
"Meters","1"
"Meth","117"
"Methinfo","1"
"Methname","2"
"Method","2914"
"Methodname","12"
"Methods","147"
"Methprop","3"
"Metric","13"
"Metrics","14"
"Mfevent","1"
"Mg","1"
"Mgf","6"
"Mgr","25"
"Mh","1"
"Mi","14"
"Mib","20"
"Micro","2"
"Microsecond","17"
"Microseconds","15"
"Microsoft","8"
"Mid","19"
"Midday","3"
"Middle","6"
"Midnight","3"
"Midpoint","4"
"Might","17"
"Mille","11"
"Millisec","5"
"Millisecond","48"
"Milliseconds","192"
"Mime","28"
"Min","856"
"Minargs","9"
"Minimal","11"
"Minimally","1"
"Minimized","50"
"Minimum","119"
"Minmax","2"
"Minor","91"
"Mint","3"
"Minterm","19"
"Minterms","12"
"Minuend","120"
"Minus","47"
"Minute","92"
"Minutes","36"
"Mips","3"
"Mirge","1"
"Mis","8"
"Misaligned","5"
"Misc","53"
"Miscellaneous","10"
"Misdirected","1"
"Mismatch","225"
"Mismatched","19"
"Mismatches","1"
"Misnamed","4"
"Miss","10"
"Missed","2"
"Missing","352"
"Misty","3"
"Mix","12"
"Mixed","56"
"Mixing","6"
"Mk","4"
"Mkrefany","3"
"Mksys","1"
"Mm","8"
"Mngd","4"
"Mnth","3"
"Mo","3"
"Mobile","1"
"Moccasin","3"
"Mod","75"
"Modal","4"
"Mode","914"
"Model","91"
"Modeling","1"
"Models","2"
"Modem","1"
"Modes","21"
"Modification","30"
"Modified","91"
"Modifier","36"
"Modifiers","275"
"Modify","18"
"Modifying","8"
"Mods","1"
"Module","590"
"Modules","46"
"Modulo","29"
"Modulus","42"
"Moment","1"
"Mon","1"
"Monday","3"
"Monetary","12"
"Money","19"
"Mongolian","2"
"Moniker","18"
"Monitor","15"
"Monitoring","17"
"Monotonic","7"
"Montgomery","1"
"Month","439"
"Months","61"
"Mops","6"
"More","87"
"Moreinfo","1"
"Morph","2"
"Most","33"
"Mount","6"
"Mouse","7"
"Move","1673"
"Moved","6"
"Movement","1"
"Mp","9"
"Mps","4"
"Mpwi","14"
"Mreq","4"
"Mres","3"
"Mrvtsc","3"
"Ms","82"
"Mscorlib","6"
"Msdata","1"
"Msec","1"
"Msg","106"
"Msgs","1"
"Mshlflags","9"
"Msil","1"
"Mswsock","1"
"Msxsl","1"
"Mt","3"
"Mtime","1"
"Mto","2"
"Mtu","17"
"Mu","2"
"Much","2"
"Muenchian","1"
"Mui","1"
"Mul","55"
"Mult","1"
"Multi","206"
"Multibuffernotsupported","2"
"Multibyte","1"
"Multicast","93"
"Multiline","6"
"Multipart","10"
"Multiple","202"
"Multiplicative","8"
"Multiplicator","2"
"Multiplier","22"
"Multiply","723"
"Multipoint","1"
"Multisegment","2"
"Multitasking","1"
"Multivalue","1"
"Multy","1"
"Music","7"
"Must","645"
"Mustbestopped","2"
"Mustbind","2"
"Mustcall","2"
"Mustcompletecall","2"
"Mustlisten","2"
"Mustnotbebound","2"
"Mustnotlisten","2"
"Mutable","11"
"Mutables","20"
"Mutate","7"
"Mutated","12"
"Mutation","4"
"Mute","1"
"Mutex","27"
"Mutual","14"
"Mutually","23"
"Mvfldloc","1"
"Mvid","7"
"Mwi","5"
"Mwt","5"
"My","59"
"Myanmar","6"
"Na","38"
"Nagle","6"
"Nagri","2"
"Naive","1"
"Naked","1"
"Name","11180"
"Named","258"
"Namedmustnotbebound","2"
"Namelen","2"
"Names","603"
"Namesp","1"
"Namespace","1363"
"Namespacein","1"
"Namespaces","160"
"Nametable","6"
"Nametoindex","1"
"Naming","28"
"Namspace","1"
"Nan","8"
"Nano","1"
"Nanosecond","6"
"Nanoseconds","9"
"Nans","1"
"Narr","1"
"Narrow","52"
"Narrowing","210"
"Nat","3"
"National","1"
"Native","3301"
"Nav","133"
"Navajo","3"
"Navigable","7"
"Navigator","145"
"Navigators","3"
"Navs","2"
"Navy","3"
"Nc","5"
"Ncname","2"
"Ncrypt","4"
"Nd","193"
"Ndata","1"
"Ndp","1"
"Ndx","4"
"Ne","20"
"Near","20"
"Nearest","27"
"Necessary","27"
"Need","203"
"Needchunked","2"
"Needed","99"
"Needle","2"
"Needs","63"
"Neg","57"
"Negate","139"
"Negated","29"
"Negation","34"
"Negative","221"
"Negator","65"
"Nego","2"
"Negotiate","15"
"Negotiated","18"
"Negotiates","1"
"Negotiation","12"
"Neighbor","16"
"Neither","1"
"Nest","7"
"Nested","271"
"Nesting","20"
"Net","1033"
"Netstandard","1"
"Network","140"
"Networking","6"
"Neutral","33"
"Never","21"
"New","844"
"Newarr","3"
"Newest","1"
"Newline","1"
"Newlines","6"
"Newly","2"
"Newobj","3"
"Newpos","2"
"News","10"
"Newsize","1"
"Newtransaction","2"
"Next","2084"
"Nextbase","3"
"Nfa","27"
"Nfi","4"
"Ni","3"
"Nibble","2"
"Nice","3"
"Nil","119"
"Nill","6"
"Nillable","29"
"Nip","1"
"Nist","6"
"Nls","52"
"Nm","30"
"Nmsp","44"
"Nmtoken","11"
"Nmtokens","1"
"Nntp","2"
"No","1250"
"Noauth","2"
"Nochunked","2"
"Nochunkuploadonhttp","2"
"Noct","2"
"Nod","1"
"Node","2492"
"Nodefaultcreds","2"
"Nodein","1"
"Nodes","75"
"Nodeset","7"
"Nodetype","4"
"Noise","2"
"Non","691"
"Nonatomic","2"
"Nonce","32"
"Nondependent","1"
"None","331"
"Nonexistent","9"
"Nonlifted","1"
"Nonpaged","5"
"Nonscalar","1"
"Noop","3"
"Nop","25"
"Noresponse","2"
"Norm","6"
"Normal","57"
"Normaliz","1"
"Normalization","39"
"Normalize","103"
"Normalized","76"
"Nos","13"
"Noseek","6"
"Noseq","2"
"Not","2716"
"Notallowed","6"
"Notation","58"
"Notations","14"
"Notconnected","2"
"Note","3"
"Notenoughbyteswritten","2"
"Nothing","28"
"Noticed","2"
"Notification","173"
"Notifications","31"
"Notify","168"
"Notone","4"
"Notonelazy","2"
"Notoneloop","2"
"Notoneloopatomic","2"
"Notonerep","1"
"Notpresent","1"
"Notstream","2"
"Notsupported","4"
"Nottoken","2"
"Nouploadonget","2"
"Now","24"
"Ns","834"
"Nsdecls","2"
"Nsmgr","54"
"Nsp","2"
"Nspace","26"
"Nsuri","1"
"Nsxmlns","1"
"Nt","70"
"Nternal","1"
"Nth","2"
"Ntlm","9"
"Nub","7"
"Nubs","4"
"Nukta","2"
"Null","1079"
"Nullability","33"
"Nullable","353"
"Nullables","2"
"Nullbit","1"
"Nullbits","77"
"Nullcount","1"
"Nullmark","1"
"Nulls","8"
"Num","437"
"Numa","1"
"Number","1612"
"Numbered","3"
"Numbering","3"
"Numberlist","1"
"Numbers","35"
"Numeric","103"
"Numerics","5"
"Numfmt","2"
"Numpoints","1"
"Numprs","3"
"Nums","1"
"Nutation","1"
"Nvalue","2"
"Nvc","1"
"Nwb","1"
"Nx","1"
"Nybble","1"
"Oaep","23"
"Obfuscate","3"
"Obfuscation","9"
"Obj","1065"
"Object","2833"
"Objective","4"
"Objects","77"
"Objmodel","1"
"Objref","1"
"Objs","1"
"Obliquity","1"
"Observable","55"
"Observation","3"
"Observe","34"
"Observed","14"
"Observer","17"
"Observers","6"
"Obsolete","5"
"Obsoleted","2"
"Obsoletions","1"
"Obtain","3"
"Occupancy","1"
"Occupied","1"
"Occurred","7"
"Occurrence","10"
"Occurrences","1"
"Occurs","75"
"Oce","9"
"Ocsp","4"
"Oct","14"
"Octal","4"
"Octet","30"
"Octets","23"
"Odbc","33"
"Odd","63"
"Oem","19"
"Of","2571"
"Off","49"
"Offending","6"
"Offer","23"
"Offering","3"
"Offline","6"
"Offset","1907"
"Offsets","10"
"Ofs","24"
"Ogham","2"
"Oi","1"
"Oid","233"
"Oids","22"
"Ok","11"
"Okm","2"
"Ol","3"
"Old","187"
"Older","3"
"Oldest","1"
"Ole","71"
"Oletx","69"
"Olive","9"
"Om","1"
"Omit","23"
"Omitted","4"
"On","1251"
"Once","41"
"One","230"
"Onelazy","2"
"Oneloop","2"
"Oneloopatomic","2"
"Onerep","1"
"Ones","27"
"Online","1"
"Only","912"
"Onnon","1"
"Oob","2"
"Op","2109"
"Opaque","43"
"Opaques","1"
"Opcode","133"
"Opcodes","2"
"Opd","3"
"Open","519"
"Openable","3"
"Opened","29"
"Opening","13"
"Opens","2"
"Oper","5"
"Operand","115"
"Operands","7"
"Operating","18"
"Operation","830"
"Operationaborted","2"
"Operational","9"
"Operations","31"
"Operator","373"
"Operators","63"
"Opnd","18"
"Ops","35"
"Opt","50"
"Optical","2"
"Optimal","3"
"Optimistic","18"
"Optimization","19"
"Optimizations","18"
"Optimize","25"
"Optimized","5"
"Optimizer","9"
"Option","424"
"Optional","217"
"Optionals","2"
"Options","1991"
"Opts","3"
"Or","1671"
"Orange","9"
"Orchid","9"
"Order","338"
"Orderable","18"
"Ordered","131"
"Ordering","1"
"Ordinal","234"
"Organization","8"
"Organizational","4"
"Oriented","2"
"Orig","3"
"Origin","152"
"Original","192"
"Originally","1"
"Originals","2"
"Originating","33"
"Oriya","2"
"Orphan","3"
"Orthographic","8"
"Os","14"
"Osi","2"
"Osvi","1"
"Otf","1"
"Other","1070"
"Others","11"
"Otherwise","14"
"Otp","1"
"Ouptut","1"
"Out","841"
"Outbound","1"
"Outcome","39"
"Outdated","2"
"Outer","137"
"Outgoing","36"
"Outline","1"
"Outlook","2"
"Outof","2"
"Output","937"
"Outputfile","2"
"Outside","6"
"Outstanding","18"
"Ovalue","1"
"Over","45"
"Overflow","223"
"Overlap","4"
"Overlapped","271"
"Overlaps","20"
"Overload","21"
"Overloaded","6"
"Overlong","1"
"Overridable","1"
"Overridden","5"
"Override","71"
"Overrides","30"
"Overwrite","50"
"Ovf","99"
"Ovfl","3"
"Own","10"
"Owned","19"
"Owner","168"
"Owners","1"
"Ownership","13"
"Owning","46"
"Owns","27"
"Pa","3"
"Pack","63"
"Package","68"
"Packages","18"
"Packaging","1"
"Packed","33"
"Packet","74"
"Packets","167"
"Packing","28"
"Packsize","1"
"Pad","42"
"Padded","8"
"Padding","293"
"Page","354"
"Paged","28"
"Pagefile","5"
"Pages","17"
"Pair","211"
"Pairs","17"
"Pairwise","93"
"Pal","67"
"Pale","12"
"Palette","2"
"Palg","1"
"Papaya","3"
"Paper","6"
"Par","33"
"Para","26"
"Paragraph","3"
"Parallel","143"
"Parallelism","106"
"Param","659"
"Paramdesc","1"
"Parameter","1223"
"Parameterized","39"
"Parameterless","7"
"Parameters","782"
"Paramnames","9"
"Params","92"
"Pararms","2"
"Paren","16"
"Parens","10"
"Parent","905"
"Parentheses","14"
"Parenthesis","3"
"Parenthesize","3"
"Parenthesized","4"
"Parents","12"
"Parg","1"
"Parity","3"
"Parm","6"
"Parms","1"
"Pars","8"
"Parsable","6"
"Parse","1369"
"Parsed","116"
"Parser","301"
"Parsetable","2"
"Parsible","2"
"Parsing","79"
"Part","82"
"Partial","63"
"Partially","7"
"Participant","8"
"Participants","10"
"Participates","2"
"Particle","155"
"Particles","13"
"Partition","158"
"Partitionable","7"
"Partitioned","70"
"Partitioner","47"
"Partitioning","1"
"Partitions","55"
"Partner","1"
"Parts","41"
"Party","25"
"Pascal","2"
"Pass","10"
"Passed","8"
"Passes","1"
"Passing","1"
"Passive","10"
"Passthrough","5"
"Password","346"
"Past","25"
"Paste","5"
"Pat","4"
"Patch","23"
"Patched","3"
"Patching","3"
"Path","1461"
"Pathname","2"
"Paths","28"
"Patindex","1"
"Patt","3"
"Pattern","402"
"Patterns","72"
"Patttern","1"
"Pause","17"
"Pax","13"
"Payload","146"
"Payment","1"
"Pb","182"
"Pbc","9"
"Pbe","73"
"Pbes","3"
"Pbindopts","2"
"Pbkdf","14"
"Pboid","22"
"Pbstr","4"
"Pc","10"
"Pca","3"
"Pcas","4"
"Pcb","104"
"Pcbe","5"
"Pcch","4"
"Pcelt","8"
"Pcevent","4"
"Pch","4"
"Pclmulqdq","2"
"Pclsid","3"
"Pcount","1"
"Pctinfo","1"
"Pctx","12"
"Pcv","9"
"Pd","13"
"Pdb","85"
"Pdec","1"
"Pdf","1"
"Pdm","5"
"Pdw","47"
"Pe","51"
"Peach","3"
"Peak","31"
"Peb","1"
"Peek","110"
"Peer","28"
"Pek","2"
"Pem","112"
"Pems","3"
"Pen","3"
"Pending","98"
"Pens","2"
"People","2"
"Per","135"
"Percent","75"
"Percentage","11"
"Perf","12"
"Perform","15"
"Performance","26"
"Performed","3"
"Period","49"
"Periodic","4"
"Perm","9"
"Permanent","4"
"Permanently","46"
"Permission","133"
"Permissions","9"
"Permissive","1"
"Permit","16"
"Permitted","8"
"Permute","90"
"Persian","9"
"Persist","59"
"Persisted","14"
"Persistence","1"
"Persistent","5"
"Person","1"
"Personal","1"
"Perspective","12"
"Peru","3"
"Pexpr","4"
"Pf","7"
"Pfiletime","2"
"Pflags","1"
"Pfn","15"
"Pfnio","2"
"Pfnti","1"
"Pfnwa","1"
"Pfnwk","1"
"Pft","3"
"Pfx","10"
"Pgrflt","2"
"Pguid","6"
"Ph","85"
"Phagspa","2"
"Phantom","7"
"Phase","255"
"Phi","2"
"Phone","9"
"Phonetic","6"
"Phrase","5"
"Phys","4"
"Physical","11"
"Pi","82"
"Pick","6"
"Pickup","13"
"Pictograph","1"
"Picture","8"
"Pictures","9"
"Pid","11"
"Piid","3"
"Pin","43"
"Ping","90"
"Pink","12"
"Pinnable","31"
"Pinned","74"
"Pinning","3"
"Pins","11"
"Pinvoke","4"
"Pio","5"
"Pipe","206"
"Pipeline","23"
"Pipelined","4"
"Pipelining","5"
"Pipes","2"
"Pis","6"
"Piso","3"
"Pitch","6"
"Piul","1"
"Pivot","6"
"Pixel","3"
"Pkcs","236"
"Pkey","4"
"Pkg","14"
"Pkgnum","6"
"Pkt","1"
"Pkts","4"
"Place","27"
"Placeable","1"
"Placeholder","4"
"Plain","13"
"Plaintext","82"
"Plane","56"
"Platform","113"
"Play","3"
"Player","1"
"Plib","1"
"Plinq","1"
"Plum","3"
"Plus","72"
"Pm","4"
"Pminlen","1"
"Pmk","20"
"Pms","1"
"Pmt","9"
"Pmwt","2"
"Pn","1"
"Png","1"
"Pnp","1"
"Pnrp","3"
"Poh","1"
"Point","402"
"Pointer","282"
"Pointers","10"
"Pointless","1"
"Points","36"
"Polar","1"
"Policies","8"
"Policy","330"
"Poll","7"
"Poller","3"
"Pollers","2"
"Polling","18"
"Poly","7"
"Polymorhic","1"
"Polymorphic","44"
"Polymorphism","36"
"Polynomial","15"
"Pong","5"
"Pool","278"
"Poolable","4"
"Pooled","36"
"Pooling","4"
"Pools","4"
"Pop","147"
"Popcnt","2"
"Popcrawl","1"
"Popi","20"
"Popped","1"
"Popr","4"
"Popref","10"
"Populate","100"
"Populated","10"
"Populating","1"
"Porcess","1"
"Port","260"
"Portable","53"
"Portion","2"
"Pos","411"
"Poscol","1"
"Position","920"
"Positional","8"
"Positioning","1"
"Positions","23"
"Positive","147"
"Posix","14"
"Posline","1"
"Possible","49"
"Possibly","1"
"Post","82"
"Postal","2"
"Postcondition","10"
"Postfix","4"
"Posting","6"
"Postponed","43"
"Postponement","1"
"Posts","2"
"Potential","2"
"Potentially","6"
"Pow","79"
"Powder","3"
"Power","63"
"Powered","1"
"Powers","18"
"Pp","106"
"Ppbc","2"
"Ppc","1"
"Ppenum","7"
"Ppfn","2"
"Ppmk","9"
"Ppmpwi","1"
"Ppp","1"
"Pprot","1"
"Ppsmem","2"
"Ppstm","1"
"Ppsz","6"
"Ppunk","2"
"Ppv","36"
"Pr","20"
"Pragma","12"
"Pre","92"
"Preallocate","5"
"Preallocated","2"
"Preallocating","2"
"Preallocation","17"
"Preamble","42"
"Preauth","2"
"Prec","42"
"Precalculate","1"
"Precanned","1"
"Precedence","13"
"Preceding","39"
"Precise","3"
"Precision","49"
"Precompile","1"
"Precondition","8"
"Pred","1"
"Predecessor","1"
"Predef","20"
"Predefind","2"
"Predefined","51"
"Predicate","201"
"Predicates","4"
"Preescaped","6"
"Preexisting","5"
"Preface","2"
"Prefer","96"
"Preference","5"
"Preferred","24"
"Preferring","1"
"Prefers","1"
"Prefetch","7"
"Prefix","1001"
"Prefixed","14"
"Prefixes","20"
"Prefixref","2"
"Pregen","8"
"Prelink","4"
"Preload","1"
"Preloaded","11"
"Premature","16"
"Prematurely","3"
"Prep","13"
"Prepare","123"
"Prepared","19"
"Prepares","11"
"Preparing","28"
"Prepend","38"
"Prepended","2"
"Preprocess","39"
"Preprocessed","6"
"Preprocessor","2"
"Presence","12"
"Present","26"
"Presentation","17"
"Preserialized","1"
"Preservation","5"
"Preserve","88"
"Preserved","7"
"Preserving","6"
"Press","3"
"Pressed","5"
"Pressure","12"
"Prev","88"
"Prevent","2"
"Preview","4"
"Previous","140"
"Previously","11"
"Prevlen","5"
"Prf","12"
"Prgbofs","5"
"Prgexpr","1"
"Prgptvs","1"
"Prgtype","1"
"Prguci","1"
"Pri","2"
"Prim","2"
"Primary","94"
"Prime","43"
"Primes","8"
"Primitive","170"
"Primitives","6"
"Primtive","2"
"Principal","63"
"Principals","2"
"Print","46"
"Printable","9"
"Printer","11"
"Printf","1"
"Printing","3"
"Prior","7"
"Priority","162"
"Priv","2"
"Private","439"
"Privilege","28"
"Privileged","11"
"Privileges","14"
"Prk","7"
"Prng","3"
"Probabilistic","5"
"Probe","3"
"Probed","2"
"Problem","5"
"Problematic","3"
"Problems","17"
"Proc","24"
"Procedure","33"
"Procedures","5"
"Proceed","1"
"Process","550"
"Processed","8"
"Processes","7"
"Processing","183"
"Processor","168"
"Processors","2"
"Prod","1"
"Produce","9"
"Produced","163"
"Producer","47"
"Producers","2"
"Product","63"
"Profile","28"
"Profiler","4"
"Prog","19"
"Program","15"
"Programs","6"
"Progress","132"
"Prohibit","8"
"Prohibited","50"
"Proj","1"
"Project","11"
"Projected","30"
"Projection","9"
"Projections","1"
"Prolog","5"
"Promise","31"
"Promotable","42"
"Promote","36"
"Promoted","151"
"Promoter","26"
"Promotion","10"
"Prompt","33"
"Prop","138"
"Propagate","16"
"Propagation","80"
"Propagator","22"
"Proper","31"
"Properties","313"
"Property","2036"
"Proposed","16"
"Props","54"
"Protect","14"
"Protected","33"
"Protection","112"
"Proto","5"
"Protocol","273"
"Protocolerror","2"
"Protocols","82"
"Protos","1"
"Prov","95"
"Provide","5"
"Provided","15"
"Provider","1620"
"Providers","12"
"Province","5"
"Proxies","2"
"Proxy","443"
"Proxyschemenotsupported","2"
"Prs","1"
"Prune","7"
"Ps","1"
"Psafe","2"
"Pseudo","16"
"Pss","14"
"Pstatstg","1"
"Pstm","1"
"Psvi","3"
"Psz","103"
"Pt","53"
"Pta","3"
"Ptd","1"
"Pti","1"
"Ptr","417"
"Ptrn","4"
"Pttrn","3"
"Ptype","5"
"Pu","9"
"Pub","19"
"Pubid","53"
"Public","476"
"Publication","19"
"Publicly","1"
"Publish","8"
"Published","12"
"Publisher","1"
"Publishing","1"
"Puff","3"
"Pul","1"
"Pull","2"
"Pulse","5"
"Pulsed","1"
"Punctuation","34"
"Punk","10"
"Punycode","4"
"Pup","3"
"Pure","3"
"Purge","8"
"Purgeable","1"
"Purple","9"
"Purpose","2"
"Purposes","1"
"Push","169"
"Pushed","2"
"Pushi","2"
"Pushing","1"
"Pushr","2"
"Pushref","1"
"Put","111"
"Puts","3"
"Pv","282"
"Pvar","2"
"Pw","3"
"Pwa","4"
"Pwcs","1"
"Pwk","2"
"Pwsz","12"
"Pwt","4"
"Px","1"
"Qfe","2"
"Qi","1"
"Qil","62"
"Qmark","1"
"Qn","127"
"Qname","71"
"Qnames","9"
"Qnametable","1"
"Qop","9"
"Qos","11"
"Qpack","4"
"Qtext","2"
"Quadruplet","8"
"Qual","4"
"Qualification","4"
"Qualified","170"
"Qualifier","20"
"Qualifying","3"
"Quality","58"
"Quantifier","12"
"Quantifiers","3"
"Quantile","7"
"Quantiles","10"
"Quarter","1"
"Quaternion","19"
"Quench","1"
"Quenches","9"
"Queried","8"
"Queries","9"
"Query","517"
"Queryable","18"
"Question","6"
"Queue","297"
"Queued","16"
"Queues","11"
"Queuing","1"
"Quic","114"
"Quick","11"
"Quiesced","1"
"Quiet","2"
"Quit","4"
"Quo","3"
"Quota","22"
"Quotas","5"
"Quote","119"
"Quoted","67"
"Quoter","2"
"Quotes","27"
"Quotient","6"
"Qura","6"
"Quwi","1"
"Qy","46"
"Ra","4"
"Radians","40"
"Radical","1"
"Radicals","6"
"Radius","1"
"Radix","24"
"Raise","50"
"Raised","1"
"Raiser","5"
"Raises","2"
"Raising","9"
"Ram","1"
"Ran","7"
"Random","50"
"Randomize","2"
"Randomized","7"
"Randomly","2"
"Range","1091"
"Rangein","1"
"Rangelist","1"
"Ranges","48"
"Rangetoosmall","2"
"Rangetype","2"
"Rank","111"
"Ranks","3"
"Rare","5"
"Ras","1"
"Rate","45"
"Ratio","8"
"Raw","472"
"Rb","5"
"Rc","7"
"Rcount","10"
"Rcvc","1"
"Rcw","28"
"Rdm","3"
"Re","32"
"Reach","1"
"Reachable","6"
"Reached","25"
"Reactivate","2"
"Read","3391"
"Readable","29"
"Reader","1500"
"Readercount","1"
"Readers","21"
"Readfailure","6"
"Readfds","4"
"Reading","37"
"Readonly","22"
"Readonlystream","4"
"Reads","2"
"Readwritefailure","2"
"Ready","19"
"Real","57"
"Realized","2"
"Realloc","5"
"Reallocate","1"
"Really","2"
"Realm","9"
"Reals","1"
"Rearrange","1"
"Reason","110"
"Reasonphrase","2"
"Reasons","6"
"Reassembled","5"
"Reassemblies","4"
"Reassembly","12"
"Reassign","1"
"Reatomize","1"
"Reattempt","1"
"Reauth","2"
"Rebecca","3"
"Rebind","74"
"Rebox","2"
"Rec","9"
"Recalc","1"
"Recalculate","2"
"Receivable","1"
"Receive","306"
"Received","276"
"Receivefailure","2"
"Receiver","51"
"Receivers","1"
"Receiving","3"
"Recent","5"
"Recipient","99"
"Recipients","13"
"Reciprocal","71"
"Recognition","2"
"Recognize","3"
"Recognized","6"
"Recommended","6"
"Recompile","1"
"Recompute","1"
"Reconcile","8"
"Reconnection","1"
"Record","852"
"Recorded","6"
"Records","95"
"Recover","1"
"Recoverable","4"
"Recovering","1"
"Recovery","35"
"Recreate","3"
"Rect","9"
"Rectangle","13"
"Rectangular","4"
"Recurce","2"
"Recurence","1"
"Recurse","11"
"Recursing","1"
"Recursion","43"
"Recursive","58"
"Recursively","2"
"Recv","19"
"Recvfrom","1"
"Recycle","13"
"Recycled","2"
"Red","32"
"Redefine","61"
"Redefined","32"
"Redefinition","2"
"Redirect","41"
"Redirected","20"
"Redirections","14"
"Redirects","21"
"Redistribute","2"
"Redo","2"
"Reduce","129"
"Reduced","6"
"Reducer","3"
"Reducible","11"
"Reduction","1"
"Reductions","8"
"Redundant","3"
"Reencrypt","2"
"Reenlist","21"
"Reenlistment","2"
"Reentrancy","6"
"Reentrant","1"
"Reescape","2"
"Ref","1204"
"Refactor","1"
"Refanytype","3"
"Refanyval","3"
"Refd","2"
"Refed","5"
"Refer","13"
"Reference","591"
"Referenceable","2"
"Referenced","57"
"References","41"
"Referencing","11"
"Referent","3"
"Referer","5"
"Referrer","6"
"Referring","2"
"Refers","2"
"Refill","2"
"Refine","2"
"Refined","9"
"Reflect","25"
"Reflectable","4"
"Reflected","100"
"Reflection","177"
"Refresh","65"
"Refreshed","4"
"Refreshing","5"
"Refs","28"
"Refto","2"
"Refuse","2"
"Refused","10"
"Reg","86"
"Regex","135"
"Regexinfos","3"
"Region","110"
"Regional","1"
"Regions","21"
"Register","119"
"Registered","29"
"Registers","2"
"Registrant","8"
"Registration","60"
"Registrations","6"
"Registry","72"
"Regular","12"
"Rehash","5"
"Rehydrate","1"
"Reinitialize","3"
"Reinvest","1"
"Rejang","2"
"Reject","21"
"Rejected","6"
"Rel","17"
"Related","42"
"Relation","203"
"Relational","12"
"Relations","39"
"Relationship","24"
"Relationships","2"
"Relative","92"
"Relaxations","10"
"Relaxed","5"
"Release","228"
"Released","1"
"Reletive","1"
"Reliability","3"
"Reliable","5"
"Reload","11"
"Reloadable","5"
"Reloc","3"
"Relocation","7"
"Relocations","4"
"Relocs","1"
"Relogin","2"
"Reltion","2"
"Rem","47"
"Remainder","24"
"Remaining","96"
"Remap","3"
"Remember","1"
"Reminder","1"
"Remote","273"
"Remotely","2"
"Remoting","32"
"Removable","6"
"Removal","3"
"Removals","1"
"Remove","884"
"Removed","47"
"Remover","5"
"Removes","2"
"Removing","8"
"Rename","24"
"Renamed","13"
"Rendering","1"
"Rendezvous","1"
"Renego","3"
"Renegotiate","9"
"Renegotiation","16"
"Renew","3"
"Rent","16"
"Rented","17"
"Reord","1"
"Reorder","7"
"Reordered","6"
"Reordering","8"
"Rep","2"
"Repaint","2"
"Reparse","9"
"Repartition","11"
"Repcall","2"
"Repeat","22"
"Repeatable","3"
"Repeated","1"
"Repeating","5"
"Repeats","12"
"Repl","2"
"Replace","165"
"Replaceable","3"
"Replaced","13"
"Replacement","79"
"Replacements","2"
"Replacer","4"
"Replacing","2"
"Replay","7"
"Replica","17"
"Replicas","1"
"Replicatable","1"
"Replicate","18"
"Replicating","1"
"Replication","3"
"Replicator","6"
"Replies","35"
"Replref","1"
"Reply","42"
"Report","77"
"Reported","3"
"Reporter","2"
"Reporting","4"
"Reports","12"
"Represent","2"
"Representation","4"
"Represents","7"
"Reprocess","1"
"Reproducible","2"
"Repudiation","2"
"Req","49"
"Reqaborted","2"
"Reqsubmitted","2"
"Request","879"
"Requestaborted","2"
"Requested","84"
"Requesting","17"
"Requests","71"
"Requesturi","4"
"Require","22"
"Required","432"
"Requirement","4"
"Requirements","5"
"Requires","142"
"Reread","1"
"Res","150"
"Rescale","1"
"Rescan","1"
"Resent","12"
"Reservation","8"
"Reserve","29"
"Reserved","302"
"Reservedwords","1"
"Reset","442"
"Resets","4"
"Resettable","2"
"Resize","22"
"Resolution","46"
"Resolve","294"
"Resolved","28"
"Resolver","392"
"Resolvers","1"
"Resolving","26"
"Resource","1247"
"Resources","81"
"Resp","1"
"Respect","1"
"Responding","5"
"Response","393"
"Responsibility","1"
"Responsible","1"
"Rest","31"
"Restart","18"
"Restore","22"
"Restrict","3"
"Restricted","34"
"Restriction","161"
"Restrictions","31"
"Result","2460"
"Resulting","3"
"Results","125"
"Resumable","1"
"Resume","41"
"Resumed","1"
"Resumption","6"
"Resurrection","9"
"Resync","1"
"Ret","140"
"Retaining","33"
"Retainingt","3"
"Retargetable","3"
"Rethrow","24"
"Retire","2"
"Retired","14"
"Retransmission","2"
"Retreat","1"
"Retrieval","7"
"Retrieve","10"
"Retry","36"
"Return","686"
"Returned","34"
"Returning","1"
"Returns","8"
"Returntype","1"
"Retval","3"
"Reusable","5"
"Reuse","47"
"Reused","8"
"Rev","6"
"Revalidate","10"
"Reverse","157"
"Reversed","25"
"Reverser","5"
"Revert","21"
"Revertible","13"
"Revises","1"
"Revision","50"
"Revocation","80"
"Revoke","3"
"Revoked","7"
"Rewind","1"
"Rewrite","101"
"Rewriter","10"
"Rewriters","2"
"Rfc","18"
"Rfid","2"
"Rfield","1"
"Rg","29"
"Rgats","1"
"Rgb","185"
"Rgbofs","1"
"Rgch","2"
"Rgcol","1"
"Rgdispid","1"
"Rgdw","1"
"Rgelt","6"
"Rgh","5"
"Rgi","9"
"Rgl","2"
"Rgp","3"
"Rgpsz","2"
"Rgpt","1"
"Rgstr","2"
"Rgsz","5"
"Rgtype","1"
"Rgu","5"
"Rgui","1"
"Rgul","14"
"Rguos","1"
"Rgvarg","1"
"Rhs","16"
"Rich","1"
"Rid","6"
"Right","4912"
"Rights","85"
"Riid","42"
"Rijndael","11"
"Ring","1"
"Rm","19"
"Rnd","3"
"Rng","10"
"Roaming","3"
"Robin","3"
"Roc","1"
"Rol","1"
"Role","39"
"Roles","4"
"Roll","14"
"Rollback","76"
"Rom","2"
"Roman","3"
"Room","6"
"Root","665"
"Rooted","9"
"Roots","12"
"Roptions","2"
"Rose","3"
"Rosy","3"
"Rotate","132"
"Rotation","30"
"Round","219"
"Rounded","252"
"Rounding","9"
"Roundrip","1"
"Roundtrip","7"
"Route","8"
"Router","18"
"Routes","5"
"Routine","34"
"Routing","15"
"Rover","1"
"Row","1611"
"Rows","199"
"Rowview","2"
"Royal","3"
"Rp","2"
"Rparam","3"
"Rpc","31"
"Rpos","12"
"Rs","4"
"Rsa","53"
"Rsp","2"
"Rspsubmitted","2"
"Rss","6"
"Rst","4"
"Rsvd","16"
"Rt","23"
"Rtf","58"
"Rth","3"
"Rtl","7"
"Rtt","8"
"Rule","460"
"Rules","85"
"Run","489"
"Runcrawl","1"
"Runcrawlpos","1"
"Rune","28"
"Runes","3"
"Runic","2"
"Runmatch","1"
"Runner","49"
"Running","55"
"Runregex","1"
"Runs","2"
"Runstack","2"
"Runstackpos","1"
"Runtext","1"
"Runtextbeg","1"
"Runtextend","1"
"Runtextpos","2"
"Runtextstart","2"
"Runtime","375"
"Runtrack","1"
"Runtrackcount","1"
"Runtrackpos","2"
"Ruri","3"
"Rus","2"
"Rva","32"
"Rw","4"
"Rwc","2"
"Sa","35"
"Sacl","20"
"Saddle","3"
"Saea","7"
"Safe","400"
"Safety","6"
"Salmon","9"
"Salt","71"
"Salvage","3"
"Sam","10"
"Samaritan","2"
"Same","151"
"Sample","35"
"Sampled","4"
"Sampler","2"
"Samples","5"
"Sampling","10"
"Sand","5"
"Sandy","3"
"Sanitize","2"
"Sanitized","1"
"Sanity","1"
"Sasl","1"
"Satellite","50"
"Satisfiable","1"
"Satisfied","24"
"Satisfies","3"
"Saturate","496"
"Saturating","35"
"Saturation","37"
"Saturday","3"
"Saurashtra","2"
"Save","111"
"Saved","32"
"Savepoint","6"
"Savepoints","2"
"Saving","17"
"Savings","6"
"Saw","2"
"Sb","109"
"Sbyte","4"
"Sc","10"
"Scaffold","5"
"Scalar","1186"
"Scalars","3"
"Scale","217"
"Scaled","8"
"Scales","8"
"Scaling","2"
"Scan","152"
"Scanner","10"
"Scanning","4"
"Scatter","9"
"Scavenge","3"
"Scc","2"
"Scenario","12"
"Sch","838"
"Schannel","2"
"Schars","1"
"Schedule","14"
"Scheduled","27"
"Scheduler","211"
"Schedulers","3"
"Scheduling","5"
"Schema","1514"
"Schemas","73"
"Schematype","2"
"Scheme","131"
"Schemes","9"
"Scientific","6"
"Scode","2"
"Scodes","1"
"Scope","661"
"Scoped","6"
"Scopeid","4"
"Scopeless","2"
"Scopes","35"
"Score","2"
"Scout","3"
"Scr","1"
"Scratch","11"
"Screen","5"
"Script","54"
"Scripting","2"
"Scripts","6"
"Scroll","4"
"Scrub","1"
"Sd","16"
"Sddl","18"
"Sdm","1"
"Se","1"
"Sea","15"
"Sealed","19"
"Search","453"
"Searchable","3"
"Searched","3"
"Searcher","1"
"Searching","4"
"Season","1"
"Sec","101"
"Second","259"
"Secondary","10"
"Seconds","62"
"Secp","9"
"Secret","73"
"Secs","3"
"Sect","2"
"Section","170"
"Sections","58"
"Secur","1"
"Secure","78"
"Secured","2"
"Security","472"
"Securitypackagesupport","2"
"Securityprotocolnotsupported","2"
"Securty","1"
"See","1"
"Seed","82"
"Seeds","1"
"Seek","212"
"Seekability","3"
"Seekable","8"
"Seeking","4"
"Seen","21"
"Seg","1"
"Segment","135"
"Segmentation","3"
"Segments","44"
"Seh","3"
"Sel","6"
"Select","260"
"Selected","321"
"Selection","47"
"Selective","1"
"Selector","689"
"Selectors","4"
"Self","210"
"Selfnested","3"
"Semantic","7"
"Semantics","33"
"Semaphore","49"
"Semi","3"
"Semicolons","1"
"Send","604"
"Sender","264"
"Sending","2"
"Sendpackelement","2"
"Sendto","1"
"Sense","5"
"Sensitive","33"
"Sent","197"
"Sentinel","22"
"Sentry","1"
"Sep","23"
"Separate","3"
"Separated","6"
"Separator","263"
"Separators","17"
"Sepcial","1"
"Seq","46"
"Seqpacket","1"
"Sequence","342"
"Sequences","12"
"Sequential","44"
"Seqwrt","2"
"Ser","41"
"Serial","63"
"Serializable","85"
"Serializables","1"
"Serialization","510"
"Serialize","301"
"Serialized","131"
"Serializer","197"
"Serializers","12"
"Serializing","20"
"Series","21"
"Server","376"
"Servererror","4"
"Servers","8"
"Service","334"
"Services","23"
"Session","170"
"Sessions","19"
"Set","7207"
"Setcount","1"
"Setjump","1"
"Setlazy","2"
"Setloop","2"
"Setloopatomic","2"
"Setmark","1"
"Setrep","1"
"Sets","44"
"Setsockopt","7"
"Settable","7"
"Setter","81"
"Setting","64"
"Settings","428"
"Setup","38"
"Seven","2"
"Severity","31"
"Sexagenary","3"
"Sfh","6"
"Sfio","2"
"Sfnt","1"
"Sfor","4"
"Sftp","1"
"Sgl","1"
"Sh","1"
"Sha","56"
"Shadow","16"
"Shadowed","3"
"Shadows","5"
"Shake","2"
"Shallow","9"
"Shape","6"
"Shapes","5"
"Sharable","3"
"Share","71"
"Shared","142"
"Sharedkeys","1"
"Sharing","34"
"Sharp","67"
"Sheet","13"
"Shell","26"
"Shift","1067"
"Shim","88"
"Shirt","1"
"Shl","4"
"Short","131"
"Shortcut","4"
"Shortcuts","2"
"Shorter","1"
"Shortest","9"
"Shorthand","3"
"Shot","10"
"Should","197"
"Show","39"
"Shr","7"
"Shrink","1"
"Shuffle","88"
"Shuffled","1"
"Shutdown","49"
"Shutting","2"
"Si","28"
"Sib","14"
"Sibling","116"
"Siblings","3"
"Sid","241"
"Side","14"
"Sids","11"
"Sienna","3"
"Sift","1"
"Sig","123"
"Sign","323"
"Signa","1"
"Signal","87"
"Signaled","14"
"Signaling","32"
"Signature","730"
"Signatures","11"
"Signed","50"
"Signer","20"
"Significand","29"
"Significant","26"
"Signing","13"
"Signs","5"
"Sigs","3"
"Silent","5"
"Silently","1"
"Silver","3"
"Simd","7"
"Similar","12"
"Simple","312"
"Simplecontent","2"
"Simplified","3"
"Simplify","1"
"Simply","1"
"Simulates","2"
"Simulation","3"
"Sin","43"
"Since","29"
"Sinfo","6"
"Singe","1"
"Singl","1"
"Single","580"
"Singleline","1"
"Singleton","47"
"Singletons","1"
"Singular","33"
"Sinh","8"
"Sinhala","2"
"Sink","24"
"Sinks","11"
"Site","160"
"Sites","1"
"Six","1"
"Size","2685"
"Size=","265"
"Sized","5"
"Sizein","1"
"Sizeof","6"
"Sizes","183"
"Sizing","2"
"Sk","2"
"Skew","6"
"Skip","277"
"Skipable","3"
"Skipped","4"
"Sku","1"
"Sky","9"
"Slash","15"
"Slashes","3"
"Slate","18"
"Sleep","13"
"Slerp","1"
"Slice","43"
"Sliced","3"
"Slide","1"
"Sliding","2"
"Slim","24"
"Slip","1"
"Slot","71"
"Slots","12"
"Slow","71"
"Small","255"
"Smaller","3"
"Smallest","3"
"Smart","5"
"Smartcard","2"
"Smi","1"
"Smoke","3"
"Smoothing","2"
"Smp","2"
"Smtp","118"
"Sna","2"
"Snake","8"
"Snap","5"
"Snapshot","12"
"Sng","5"
"Sni","4"
"Sniffed","1"
"Snippet","4"
"Snow","3"
"Snum","2"
"So","13"
"Soap","107"
"Sobj","2"
"Sock","9"
"Sockaddr","6"
"Sockaddrs","5"
"Socket","822"
"Socketinformation","2"
"Socketopinprogress","2"
"Sockets","156"
"Socks","27"
"Socktype","2"
"Software","4"
"Solar","7"
"Sole","3"
"Solicits","16"
"Solid","1"
"Solver","27"
"Some","14"
"Something","1"
"Sometimes","1"
"Sort","460"
"Sortable","10"
"Sortarray","1"
"Sorted","132"
"Sorter","11"
"Sortinfo","1"
"Sorting","14"
"Sortkey","3"
"Sorts","8"
"Sound","2"
"Soundex","1"
"Sounds","1"
"Source","4717"
"Sources","24"
"Sp","2"
"Space","521"
"Spacebar","1"
"Spaces","28"
"Spacing","9"
"Span","870"
"Spand","2"
"Spanned","2"
"Spans","3"
"Sparse","10"
"Spc","2"
"Spec","105"
"Special","145"
"Specialized","4"
"Specials","4"
"Specific","89"
"Specification","29"
"Specifications","3"
"Specificity","5"
"Specificty","1"
"Specified","109"
"Specifier","30"
"Specify","18"
"Specs","7"
"Speed","13"
"Spelling","2"
"Spill","2"
"Spilled","1"
"Spiller","9"
"Spin","71"
"Spinner","4"
"Spinning","1"
"Spki","2"
"Splat","28"
"Split","60"
"Splitter","1"
"Splitters","1"
"Spn","42"
"Spns","4"
"Spointer","1"
"Spool","5"
"Spooling","18"
"Spring","6"
"Spsc","3"
"Spurious","2"
"Spx","2"
"Sq","2"
"Sql","383"
"Sqlchars","1"
"Sqm","1"
"Sqrt","52"
"Square","18"
"Squared","8"
"Sr","4"
"Src","295"
"Ss","3"
"Sse","15"
"Ssh","1"
"Ssheet","1"
"Ssl","236"
"Ssp","2"
"Sspi","9"
"Ssse","5"
"Sstr","1"
"Ssync","3"
"St","5"
"Stabilized","1"
"Stabilizing","2"
"Stable","8"
"Stack","780"
"Stackalloc","1"
"Stackchange","1"
"Stackpos","2"
"Stage","8"
"Stale","20"
"Stamp","49"
"Stand","22"
"Standalone","100"
"Standard","201"
"Standby","1"
"Star","15"
"Starg","6"
"Starred","1"
"Start","1872"
"Startat","23"
"Started","104"
"Starter","4"
"Starting","97"
"Startpos","2"
"Starts","63"
"Startup","36"
"Starvation","2"
"Stat","11"
"State","4065"
"Stateful","1"
"Statein","3"
"Stateless","3"
"Statement","57"
"States","65"
"Static","510"
"Statics","5"
"Station","1"
"Statistics","70"
"Stats","22"
"Status","541"
"Statuscode","4"
"Std","31"
"Stdcall","5"
"Steal","9"
"Stealing","8"
"Steals","2"
"Steel","6"
"Stelem","34"
"Stem","1"
"Step","66"
"Stepper","4"
"Stfld","4"
"Stgmedium","1"
"Sticky","2"
"Stind","27"
"Stitch","1"
"Stk","11"
"Stloc","21"
"Stm","8"
"Stmt","1"
"Stobj","4"
"Stole","1"
"Stop","98"
"Stopped","18"
"Stopping","1"
"Stops","3"
"Stopwatch","5"
"Storage","338"
"Store","711"
"Stored","15"
"Str","655"
"Strategy","94"
"Strconst","1"
"Stream","1836"
"Streamable","1"
"Streamaborted","2"
"Streaming","75"
"Streams","28"
"Street","1"
"Strength","12"
"Stress","1"
"Stret","2"
"Strict","30"
"Strictly","2"
"Stride","1"
"String","3452"
"Stringable","1"
"Strings","50"
"Strip","33"
"Striping","91"
"Stripped","5"
"Strlen","1"
"Strm","3"
"Strokes","2"
"Strong","53"
"Strongbox","1"
"Struc","1"
"Struct","160"
"Structs","5"
"Structural","16"
"Structure","22"
"Structured","1"
"Structures","3"
"Structuretype","1"
"Strvalue","1"
"Stsfld","3"
"Stub","22"
"Stuff","1"
"Stvc","1"
"Style","313"
"Styled","1"
"Styles","103"
"Stylesheet","84"
"Stylesheetid","7"
"Stylesheets","1"
"Stype","3"
"Sub","206"
"Subauthorities","2"
"Subcaptures","3"
"Subclass","13"
"Subcomponent","2"
"Subdirectories","8"
"Subdirectory","4"
"Subelements","22"
"Subexpressions","2"
"Subgroup","2"
"Subject","183"
"Subkey","12"
"Submit","4"
"Submitted","2"
"Subnamespaces","3"
"Subnet","2"
"Subnormal","7"
"Subordinate","11"
"Subprotocol","8"
"Subs","4"
"Subscribe","9"
"Subscribed","1"
"Subscriber","2"
"Subscribers","2"
"Subscript","3"
"Subscription","12"
"Subscriptions","7"
"Subscripts","2"
"Subsequent","11"
"Subset","172"
"Subst","23"
"Substitute","8"
"Substitutes","1"
"Substitution","61"
"Substr","2"
"Substring","57"
"Subsumes","2"
"Subsumption","1"
"Subsystem","16"
"Subtract","425"
"Subtraction","55"
"Subtractor","1"
"Subtree","19"
"Subtrees","2"
"Subtype","7"
"Succeeded","13"
"Succeeds","1"
"Success","89"
"Successful","4"
"Successfully","9"
"Successor","4"
"Such","4"
"Suff","6"
"Sufficient","6"
"Suffix","84"
"Suggestion","42"
"Suitable","3"
"Suite","13"
"Suites","17"
"Sum","152"
"Sun","1"
"Sundanese","4"
"Sunday","3"
"Super","23"
"Superior","5"
"Superscriptsand","2"
"Superseded","1"
"Superset","28"
"Supplement","22"
"Supplemental","10"
"Supplementary","2"
"Supplied","15"
"Supply","4"
"Support","82"
"Supported","1008"
"Supports","191"
"Suppress","50"
"Suppressed","11"
"Surname","1"
"Surr","3"
"Surrogate","190"
"Surrogated","2"
"Surrogates","13"
"Survival","1"
"Survived","7"
"Surviving","1"
"Suspend","16"
"Suspended","7"
"Suspension","2"
"Sustained","1"
"Svalue","2"
"Svc","19"
"Svg","1"
"Sw","2"
"Swap","18"
"Swapped","1"
"Switch","240"
"Switcher","3"
"Switches","12"
"Switching","1"
"Swizzle","2"
"Swt","24"
"Sx","1"
"Syllabics","4"
"Syllables","4"
"Syloti","2"
"Sym","83"
"Symbmask","1"
"Symbol","235"
"Symbolic","19"
"Symbols","55"
"Symbolsand","4"
"Symlink","5"
"Symlinked","1"
"Symmetric","45"
"Syms","1"
"Symtable","1"
"Syn","2"
"Sync","324"
"Synchronization","40"
"Synchronize","8"
"Synchronized","120"
"Synchronizing","13"
"Synchronous","15"
"Synchronously","34"
"Syndication","15"
"Synonyms","2"
"Syntax","66"
"Synthesize","1"
"Syriac","4"
"Sys","15"
"Syscall","2"
"Syscalls","2"
"Sysheap","1"
"Sysid","44"
"Syskind","2"
"System","1692"
"Systemkey","1"
"Systime","2"
"Sz","82"
"Ta","11"
"Tab","61"
"Table","2081"
"Tablemapping","1"
"Tables","118"
"Tabs","5"
"Tag","617"
"Tagalog","2"
"Tagbanwa","2"
"Tagged","15"
"Tags","178"
"Tai","8"
"Tail","114"
"Tailcall","1"
"Taiwan","11"
"Taiwanese","2"
"Take","93"
"Taken","40"
"Takeover","6"
"Takes","2"
"Taking","2"
"Talk","2"
"Tamil","2"
"Tan","19"
"Tanh","8"
"Tape","1"
"Tar","62"
"Targ","14"
"Target","1170"
"Targeted","9"
"Targeting","1"
"Targets","52"
"Task","1126"
"Tasks","134"
"Tau","10"
"Tav","1"
"Tb","5"
"Tbl","1"
"Tbs","2"
"Tc","17"
"Tcb","1"
"Tcompile","2"
"Tcp","71"
"Tcplistener","2"
"Tcs","24"
"Td","7"
"Tdesc","2"
"Tds","3"
"Te","1"
"Teal","3"
"Tear","1"
"Teardown","1"
"Technical","2"
"Technologies","2"
"Technology","4"
"Telemetry","15"
"Teletex","2"
"Telnet","2"
"Telugu","2"
"Temp","71"
"Temparray","9"
"Template","108"
"Templates","28"
"Temporal","115"
"Temporarily","1"
"Temporary","3"
"Temps","10"
"Ten","14"
"Tentative","1"
"Teredo","4"
"Term","8"
"Terminal","15"
"Terminals","4"
"Terminate","15"
"Terminated","23"
"Terminating","6"
"Termination","4"
"Terminator","13"
"Terms","1"
"Ternary","32"
"Terrestrial","1"
"Test","216"
"Testing","1"
"Tests","3"
"Text","1355"
"Textbeg","4"
"Textend","4"
"Textpos","2"
"Textstart","3"
"Textual","1"
"Texture","1"
"Thaana","2"
"Thai","10"
"Tham","2"
"Than","796"
"That","39"
"The","62"
"Them","1"
"Then","27"
"They","2"
"Thickness","1"
"Third","13"
"This","344"
"Thiscall","5"
"Thisname","1"
"Thistle","3"
"Thorough","4"
"Thousand","4"
"Thousands","1"
"Thread","727"
"Threaded","1"
"Threading","16"
"Threadpool","15"
"Threads","107"
"Three","33"
"Threshold","44"
"Thresholds","1"
"Throttle","1"
"Through","33"
"Throughput","18"
"Throw","901"
"Throwing","10"
"Thrown","12"
"Throws","4"
"Thru","3"
"Thumb","9"
"Thumbnail","1"
"Thumbprint","11"
"Thunk","11"
"Thunks","6"
"Thursday","3"
"Ti","1"
"Tibetan","2"
"Tick","18"
"Ticket","5"
"Ticks","132"
"Tidy","2"
"Tie","2"
"Tiered","5"
"Tiff","1"
"Tifinagh","2"
"Tilde","3"
"Till","5"
"Time","2052"
"Timed","25"
"Timedout","6"
"Timeis","2"
"Timeout","758"
"Timeouts","5"
"Timer","169"
"Timers","13"
"Times","31"
"Timesep","1"
"Timespan","1"
"Timestamp","82"
"Timestamps","1"
"Timesuff","1"
"Timeticks","4"
"Timing","1"
"Tiny","1"
"Title","43"
"Titlecase","4"
"Tk","61"
"Tl","5"
"Tlb","1"
"Tlocal","2"
"Tls","122"
"Tm","16"
"Tmp","11"
"Tmpl","1"
"Tmpls","1"
"Tns","1"
"To","6847"
"Today","5"
"Toggle","2"
"Tok","10"
"Token","3257"
"Tokenize","1"
"Tokenized","45"
"Tokenizer","8"
"Tokens","41"
"Tokentoken","2"
"Tokentype","2"
"Tomato","3"
"Tone","2"
"Too","356"
"Tool","9"
"Toolarge","2"
"Toolbox","21"
"Toolong","2"
"Tools","2"
"Top","134"
"Topic","3"
"Toplevel","2"
"Topological","1"
"Tor","4"
"Tos","1"
"Total","181"
"Tp","1"
"Tpl","3"
"Tpq","1"
"Tpw","2"
"Tr","9"
"Trace","385"
"Tracelogging","2"
"Traces","2"
"Tracesources","1"
"Tracing","4"
"Track","49"
"Trackcount","1"
"Tracked","9"
"Tracker","21"
"Tracking","52"
"Trackpos","1"
"Tracks","3"
"Trackto","1"
"Trademark","6"
"Trademarks","3"
"Traditional","2"
"Trail","2"
"Trailer","27"
"Trailers","6"
"Trailing","99"
"Trait","5"
"Traits","6"
"Trans","3"
"Transaction","869"
"Transactions","16"
"Transactionstate","2"
"Transcode","11"
"Transcoding","3"
"Transfer","78"
"Transferred","72"
"Transfers","1"
"Transform","232"
"Transformed","2"
"Transformer","7"
"Transforms","6"
"Transient","14"
"Transition","63"
"Transitions","9"
"Transitively","1"
"Translate","31"
"Translation","23"
"Translator","2"
"Transliterated","2"
"Transmission","35"
"Transmit","18"
"Transmitter","12"
"Transmitters","1"
"Transparent","38"
"Transport","32"
"Transpose","36"
"Trappable","1"
"Traversal","3"
"Traverse","2"
"Treat","24"
"Treatment","60"
"Tree","189"
"Tri","5"
"Tricore","1"
"Tried","2"
"Trigger","3"
"Triggered","1"
"Trigonometric","2"
"Trim","187"
"Trimmed","7"
"Trimming","3"
"Trip","2"
"Triple","13"
"Tristate","1"
"Trivial","2"
"True","125"
"Truncate","27"
"Truncated","11"
"Truncating","35"
"Truncation","38"
"Trust","60"
"Trusted","22"
"Trustedproxy","2"
"Try","2379"
"Trying","2"
"Ts","6"
"Tst","13"
"Ttf","1"
"Ttl","19"
"Ttt","1"
"Ttype","6"
"Tuesday","3"
"Tunnel","23"
"Tuple","137"
"Turkish","5"
"Turquoise","12"
"Tv","2"
"Tw","1"
"Twice","20"
"Twisted","1"
"Twithout","3"
"Two","123"
"Twos","4"
"Tx","402"
"Txt","2"
"Ty","5"
"Tymed","2"
"Typ","47"
"Type","14352"
"Typecode","1"
"Typed","199"
"Typekind","1"
"Typename","1"
"Typeof","41"
"Types","755"
"Typesize","6"
"Typical","3"
"Typing","3"
"Tz","7"
"Tzi","1"
"Ub","1"
"Uc","7"
"Ucast","6"
"Ucrtbase","1"
"Ucs","12"
"Ud","2"
"Udeclared","2"
"Udp","41"
"Udpconnected","2"
"Uds","1"
"Udt","11"
"Ueea","1"
"Uflags","1"
"Uhi","1"
"Uhigh","3"
"Ui","60"
"Uid","4"
"Uint","25"
"Uintptr","2"
"Uk","1"
"Ul","19"
"Ull","14"
"Ulo","4"
"Ulomid","1"
"Ultimate","5"
"Um","6"
"Umid","2"
"Ums","3"
"Umt","1"
"Un","126"
"Una","16"
"Unable","27"
"Unacceptable","4"
"Unadvise","4"
"Unaligned","15"
"Unannotated","2"
"Unary","155"
"Unassign","1"
"Unassigned","7"
"Unauthenticated","2"
"Unauthorized","44"
"Unavailable","21"
"Unbalanced","2"
"Unbiased","3"
"Unblock","3"
"Unblocked","3"
"Unbound","16"
"Unbounded","20"
"Unbox","26"
"Unc","12"
"Uncallable","3"
"Uncapnum","1"
"Uncapture","2"
"Unchanged","6"
"Unchecked","41"
"Uncloned","10"
"Unclosed","14"
"Uncommitted","2"
"Uncompress","2"
"Uncompressed","33"
"Uncond","1"
"Unconditional","3"
"Unconditionally","1"
"Unconstrained","1"
"Unconsumed","1"
"Unconvertible","1"
"Undecided","5"
"Undeclared","34"
"Undef","16"
"Undefine","6"
"Undefined","53"
"Undelete","1"
"Under","10"
"Underlying","150"
"Underscore","2"
"Undisposed","1"
"Undo","3"
"Unenlist","3"
"Unequal","2"
"Unescape","43"
"Unescaped","19"
"Unexpanded","2"
"Unexpected","131"
"Unexpressible","2"
"Unfair","1"
"Unfixed","3"
"Unfound","7"
"Unfreeze","1"
"Ungroup","1"
"Unhandled","55"
"Unhook","1"
"Uni","4"
"Unic","1"
"Unicast","61"
"Unicode","208"
"Unidi","3"
"Unidirectional","7"
"Unified","8"
"Unimplemented","1"
"Unindent","3"
"Uninferable","3"
"Uninitialized","27"
"Uninlined","1"
"Uninterruptible","1"
"Union","133"
"Unionmember","1"
"Unions","2"
"Uniq","1"
"Unique","139"
"Uniqueness","1"
"Unit","107"
"Units","11"
"Unity","8"
"Universal","29"
"Unix","54"
"Unk","27"
"Unknown","432"
"Unknowns","1"
"Unlifted","4"
"Unlink","6"
"Unlinker","4"
"Unlinking","2"
"Unload","29"
"Unloaded","11"
"Unloading","10"
"Unlock","20"
"Unmanaged","212"
"Unmangle","2"
"Unmap","1"
"Unmappable","17"
"Unmapped","33"
"Unmarshal","18"
"Unmatched","9"
"Unmatching","2"
"Unmodified","16"
"Unnecessary","1"
"Unnest","1"
"Unobserved","9"
"Unop","6"
"Unordered","43"
"Unowned","1"
"Unpack","64"
"Unpaired","6"
"Unparsed","9"
"Unpin","3"
"Unpooled","2"
"Unpopulated","1"
"Unprocessable","2"
"Unprotect","2"
"Unprotected","3"
"Unpublished","1"
"Unqualified","3"
"Unquote","1"
"Unquoted","2"
"Unreachable","32"
"Unreachables","1"
"Unread","4"
"Unreadable","15"
"Unrecognized","36"
"Unref","2"
"Unreference","1"
"Unreferenced","25"
"Unregister","46"
"Unregistered","1"
"Unregistering","3"
"Unrelated","1"
"Unrented","2"
"Unreserved","7"
"Unresolved","9"
"Unrestricted","7"
"Unretire","2"
"Unrolled","1"
"Unsafe","230"
"Unscale","2"
"Unscoped","2"
"Unseekable","16"
"Unset","3"
"Unsigned","158"
"Unsiting","1"
"Unsolicited","1"
"Unsorted","7"
"Unspecific","2"
"Unspecificity","1"
"Unspecified","30"
"Unstarted","2"
"Unsubscribe","1"
"Unsuccessfully","1"
"Unsuitable","1"
"Unsup","1"
"Unsupp","2"
"Unsupported","194"
"Unsuppressed","2"
"Unterminated","6"
"Until","21"
"Untrusted","6"
"Untyped","33"
"Unused","37"
"Unvalidated","1"
"Unverifiable","3"
"Unverified","1"
"Unwanted","3"
"Unwind","4"
"Unwrap","44"
"Unwrapped","10"
"Unwrapping","1"
"Unwritable","15"
"Unxpected","2"
"Unzip","34"
"Uofs","7"
"Uos","1"
"Uow","1"
"Up","69"
"Upa","11"
"Updata","1"
"Update","373"
"Updated","33"
"Updater","8"
"Updaters","1"
"Updates","3"
"Updating","26"
"Upgrade","41"
"Upgradeable","10"
"Upgradecount","1"
"Upgrader","2"
"Upload","126"
"Upn","5"
"Upon","3"
"Upper","585"
"Uppercase","12"
"Upsert","1"
"Ur","1"
"Urgent","1"
"Uri","1113"
"Uris","15"
"Url","188"
"Urlencoded","1"
"Urlgroup","2"
"Urn","6"
"Urt","7"
"Us","3"
"Usability","2"
"Usage","158"
"Usages","24"
"Use","554"
"Useblocking","2"
"Used","160"
"Useful","2"
"Usekey","1"
"User","655"
"Userdefined","1"
"Username","2"
"Users","13"
"Uses","27"
"Using","219"
"Ustar","11"
"Utc","177"
"Utf","694"
"Util","10"
"Utilities","11"
"Utility","16"
"Utilization","6"
"Utils","19"
"Uuid","3"
"Uv","1"
"Va","7"
"Vai","2"
"Val","398"
"Valid","401"
"Validatable","6"
"Validate","489"
"Validated","12"
"Validating","18"
"Validation","454"
"Validator","82"
"Validators","3"
"Validity","37"
"Vals","3"
"Value","21512"
"Valued","2"
"Valueon","2"
"Values","927"
"Var","247"
"Vararg","1"
"Varargs","1"
"Variable","433"
"Variables","148"
"Variance","3"
"Variant","132"
"Variants","8"
"Variation","3"
"Variations","1"
"Variety","9"
"Varkind","1"
"Varpop","1"
"Varpush","1"
"Vars","36"
"Vartyp","2"
"Vary","4"
"Vb","121"
"Vba","1"
"Vbmi","2"
"Vec","6"
"Vector","1448"
"Vectorization","2"
"Vectorized","9"
"Vectors","4"
"Vedic","2"
"Vendor","14"
"Ver","44"
"Verb","46"
"Verbose","13"
"Verbosity","1"
"Verbs","7"
"Verification","45"
"Verified","3"
"Verify","199"
"Verifying","1"
"Version","975"
"Versionable","2"
"Versioned","3"
"Versioning","4"
"Versions","7"
"Vert","4"
"Vertical","5"
"Vertically","1"
"Vertices","1"
"Very","1"
"Vft","2"
"Via","36"
"Viable","2"
"Video","1"
"Videos","3"
"Videotex","1"
"Viet","2"
"View","499"
"Viewable","1"
"Viewport","4"
"Views","8"
"Violated","5"
"Violation","69"
"Violet","15"
"Virama","2"
"Virtual","255"
"Virtualization","4"
"Virtuals","3"
"Visibility","47"
"Visible","62"
"Visit","749"
"Visited","5"
"Visitor","57"
"Visual","3"
"Visualizer","18"
"Vl","1"
"Vlb","14"
"Vnni","2"
"Voice","2"
"Void","120"
"Vol","6"
"Volatile","180"
"Volatilement","2"
"Volatiles","7"
"Volume","38"
"Vote","16"
"Voted","1"
"Voter","23"
"Vs","1"
"Vsb","7"
"Vt","13"
"Vtable","30"
"Vtables","7"
"Vtype","2"
"Wa","3"
"Wait","526"
"Waiter","47"
"Waiters","26"
"Waithandle","2"
"Waiting","36"
"Waits","6"
"Wake","13"
"Walk","10"
"Want","5"
"Wants","1"
"Warmup","2"
"Warning","56"
"Warnings","11"
"Warp","1"
"Was","42"
"Wasi","1"
"Wasm","3"
"Watch","6"
"Watched","1"
"Watcher","9"
"Watching","3"
"Water","2"
"Watermark","4"
"Watson","8"
"Wave","19"
"Way","2"
"Wb","1"
"Wc","1"
"Wce","1"
"Wcslen","1"
"Wd","3"
"Wdi","2"
"Wdm","1"
"Weak","62"
"Weakest","1"
"Weakly","2"
"Weakref","2"
"Web","458"
"Webclient","10"
"Webp","1"
"Webpage","1"
"Websockets","22"
"Webstatus","12"
"Wednesday","3"
"Weed","2"
"Week","129"
"Weekday","6"
"Weeks","3"
"Weierstrass","1"
"Weight","3"
"Welcome","7"
"Well","29"
"Went","2"
"West","1"
"Wf","2"
"Wheat","3"
"When","129"
"Whensupported","2"
"Where","42"
"Whereabouts","30"
"Which","8"
"While","43"
"Whip","3"
"White","111"
"Whitespace","234"
"Whitespaces","5"
"Whole","5"
"Whose","1"
"Wide","31"
"Widen","112"
"Widening","356"
"Wider","2"
"Widest","6"
"Width","82"
"Widths","15"
"Wild","9"
"Wildcard","39"
"Wildcards","10"
"Will","17"
"Win","128"
"Winapi","2"
"Window","210"
"Windows","146"
"Winner","1"
"Wins","20"
"Winsock","7"
"Wire","3"
"Wireless","1"
"With","1014"
"Withdrawn","1"
"Within","33"
"Without","101"
"Wk","5"
"Wman","1"
"Wmf","1"
"Wmi","1"
"Wnd","9"
"Wo","1"
"Woff","2"
"Wood","3"
"Word","32"
"Words","8"
"Work","163"
"Worker","153"
"Workers","4"
"Working","59"
"Workset","4"
"Workspace","4"
"World","4"
"Worse","2"
"Would","1"
"Wow","9"
"Wparam","1"
"Wr","1"
"Wrap","115"
"Wrapped","75"
"Wrapper","134"
"Wrappers","19"
"Wrapping","4"
"Wraps","1"
"Writable","33"
"Write","4561"
"Writeable","19"
"Writeback","1"
"Writefailure","2"
"Writefds","4"
"Writeonly","2"
"Writeonlystream","4"
"Writer","896"
"Writercount","1"
"Writers","9"
"Writes","4"
"Writestarted","2"
"Writing","59"
"Written","695"
"Wrong","86"
"Wrongversion","4"
"Wrote","2"
"Wrt","1"
"Ws","43"
"Wsa","5"
"Wsdl","4"
"Wsi","2"
"Wss","2"
"Wsz","2"
"Wwanpp","2"
"Www","4"
"Xa","3"
"Xact","13"
"Xactopt","2"
"Xacttc","1"
"Xaml","7"
"Xbox","2"
"Xcode","1"
"Xd","5"
"Xdo","2"
"Xdoc","3"
"Xdom","78"
"Xdr","58"
"Xdt","2"
"Xe","2"
"Xhtml","2"
"Xi","2"
"Xli","2"
"Xml","3167"
"Xmlcaseorder","1"
"Xmldecl","16"
"Xmllang","1"
"Xmlns","76"
"Xmlorder","1"
"Xmlreader","1"
"Xmlspace","3"
"Xmltext","1"
"Xmlw","4"
"Xnr","2"
"Xnt","3"
"Xof","8"
"Xor","94"
"Xoshiro","3"
"Xp","36"
"Xpath","49"
"Xpathexpr","1"
"Xpn","6"
"Xptrs","1"
"Xptyp","4"
"Xr","1"
"Xs","4"
"Xsc","3"
"Xsd","211"
"Xsdto","1"
"Xsdtype","2"
"Xse","2"
"Xsi","92"
"Xsl","79"
"Xslt","429"
"Xsm","1"
"Xso","9"
"Xss","1"
"Xstate","2"
"Xstates","5"
"Xt","4"
"Xtr","2"
"Xtw","5"
"Xw","10"
"Xwrt","4"
"Xxx","4"
"Yaw","6"
"Year","657"
"Years","39"
"Yellow","19"
"Yes","39"
"Yet","14"
"Yg","1"
"Yi","4"
"Yield","23"
"Yielded","6"
"Yielding","1"
"Yijing","2"
"Yinfo","4"
"Ymd","1"
"Youngest","1"
"Your","1"
"Yr","3"
"Zero","434"
"Zeroed","2"
"Zeroes","4"
"Zerolist","2"
"Zerorb","1"
"Zeros","7"
"Zhtw","1"
"Zip","104"
"Zlib","8"
"Zodiac","3"
"Zone","159"
"Zones","9"
"Zoom","1"
"Zop","1"
"Zulu","4"
"Zz","4"
